Stock A,Stock B,Sector A,Sector B,Same Sector,Correlation
BAJAJFINSV,BAJFINANCE,Financial Services,Financial Services,True,0.7910625483663967
JSWSTEEL,TATASTEEL,Metals & Mining,Metals & Mining,True,0.7763765705503872
ADANIENT,ADANIPORTS,Metals & Mining,Services,False,0.7742709046871451
INFY,TCS,Information Technology,Information Technology,True,0.7304877192461858
HINDALCO,TATASTEEL,Metals & Mining,Metals & Mining,True,0.7015136284549149
HCLTECH,INFY,Information Technology,Information Technology,True,0.6945300498021597
INFY,TECHM,Information Technology,Information Technology,True,0.6885717333215052
HCLTECH,TCS,Information Technology,Information Technology,True,0.680506629744756
TCS,TECHM,Information Technology,Information Technology,True,0.6477353982676497
GRASIM,ULTRACEMCO,Construction Materials,Construction Materials,True,0.6366319908338615
HCLTECH,TECHM,Information Technology,Information Technology,True,0.632074376341425
HINDALCO,JSWSTEEL,Metals & Mining,Metals & Mining,True,0.6250394742309886
HDFCLIFE,SBILIFE,Financial Services,Financial Services,True,0.6146623953817275
NTPC,POWERGRID,Power,Power,True,0.5881400990215376
AXISBANK,ICICIBANK,Financial Services,Financial Services,True,0.5751578121892257
AXISBANK,SBIN,Financial Services,Financial Services,True,0.5336562154794825
GRASIM,JSWSTEEL,Construction Materials,Metals & Mining,False,0.5195767517879343
COALINDIA,NTPC,"Oil, Gas & Fuels",Power,False,0.516046456202392
ICICIBANK,SBIN,Financial Services,Financial Services,True,0.5115411690658072
COALINDIA,ONGC,"Oil, Gas & Fuels","Oil, Gas & Fuels",True,0.506225498266843
EICHERMOT,MARUTI,Automobile,Automobile,True,0.5054129572984205
TATASTEEL,COALINDIA,Metals & Mining,"Oil, Gas & Fuels",False,0.5034858594016615
SBIN,ADANIPORTS,Financial Services,Services,False,0.5007406423347396
M&M,TMPV,Automobile,Automobile,True,0.48925697953697517
HDFCBANK,ICICIBANK,Financial Services,Financial Services,True,0.4879306964918366
M&M,MARUTI,Automobile,Automobile,True,0.4843518667361581
HINDUNILVR,NESTLEIND,FMCG,FMCG,True,0.474811142242243
EICHERMOT,M&M,Automobile,Automobile,True,0.4740010516818373
ONGC,NTPC,"Oil, Gas & Fuels",Power,False,0.47008241124338584
HDFCBANK,KOTAKBANK,Financial Services,Financial Services,True,0.46938233197094215
JIOFIN,ADANIPORTS,Financial Services,Services,False,0.46823375732397715
BEL,SBIN,Capital Goods,Financial Services,False,0.46388386699672157
LT,SBIN,Construction,Financial Services,False,0.4636286208265793
GRASIM,TATASTEEL,Construction Materials,Metals & Mining,False,0.46307066656942364
BEL,ADANIPORTS,Capital Goods,Services,False,0.46091654407932614
BAJFINANCE,SHRIRAMFIN,Financial Services,Financial Services,True,0.45884876833112
SBIN,SHRIRAMFIN,Financial Services,Financial Services,True,0.4580944900672047
BAJAJFINSV,SHRIRAMFIN,Financial Services,Financial Services,True,0.4577928225372606
LT,ULTRACEMCO,Construction,Construction Materials,False,0.45686032416056505
ICICIBANK,KOTAKBANK,Financial Services,Financial Services,True,0.45684896970129846
GRASIM,SBIN,Construction Materials,Financial Services,False,0.4558567571772406
TATASTEEL,NTPC,Metals & Mining,Power,False,0.4554981168288684
BEL,COALINDIA,Capital Goods,"Oil, Gas & Fuels",False,0.45496020761932593
JIOFIN,RELIANCE,Financial Services,"Oil, Gas & Fuels",False,0.45484567038878215
SBIN,NTPC,Financial Services,Power,False,0.45147894297989244
BEL,NTPC,Capital Goods,Power,False,0.4509266419585517
TMPV,TATASTEEL,Automobile,Metals & Mining,False,0.44808770082296745
AXISBANK,HDFCBANK,Financial Services,Financial Services,True,0.44805287202070876
LT,SHRIRAMFIN,Construction,Financial Services,False,0.44733492925833673
LT,GRASIM,Construction,Construction Materials,False,0.44727151408801874
LT,TATASTEEL,Construction,Metals & Mining,False,0.44648059310740257
GRASIM,BAJAJFINSV,Construction Materials,Financial Services,False,0.4457780907133029
JIOFIN,ADANIENT,Financial Services,Metals & Mining,False,0.4446646368499762
BAJAJFINSV,SBIN,Financial Services,Financial Services,True,0.44365247553200376
BEL,LT,Capital Goods,Construction,False,0.44135660636835206
AXISBANK,BAJAJFINSV,Financial Services,Financial Services,True,0.44045633946952356
AXISBANK,SHRIRAMFIN,Financial Services,Financial Services,True,0.43968036279343625
HINDALCO,COALINDIA,Metals & Mining,"Oil, Gas & Fuels",False,0.43958268564058905
ULTRACEMCO,JSWSTEEL,Construction Materials,Metals & Mining,False,0.4375308869598468
LT,JSWSTEEL,Construction,Metals & Mining,False,0.43329409177498857
NTPC,ADANIPORTS,Power,Services,False,0.4332563631157504
SBIN,RELIANCE,Financial Services,"Oil, Gas & Fuels",False,0.43290279076390653
LT,RELIANCE,Construction,"Oil, Gas & Fuels",False,0.43120862329975157
LT,ADANIPORTS,Construction,Services,False,0.4309559844413352
BAJFINANCE,HDFCBANK,Financial Services,Financial Services,True,0.430878064699395
TMPV,LT,Automobile,Construction,False,0.43041129452275717
SBIN,ADANIENT,Financial Services,Metals & Mining,False,0.4303459601179992
LT,JIOFIN,Construction,Financial Services,False,0.43008298003667816
JIOFIN,SHRIRAMFIN,Financial Services,Financial Services,True,0.42916084238634106
JIOFIN,TATASTEEL,Financial Services,Metals & Mining,False,0.42825829534845666
MARUTI,TMPV,Automobile,Automobile,True,0.4273104953318148
HINDUNILVR,TATACONSUM,FMCG,FMCG,True,0.42644970563618273
ULTRACEMCO,BAJAJFINSV,Construction Materials,Financial Services,False,0.42626942152013536
BAJFINANCE,SBIN,Financial Services,Financial Services,True,0.4247770122114921
BAJAJ-AUTO,EICHERMOT,Automobile,Automobile,True,0.42440462070051715
BEL,TATASTEEL,Capital Goods,Metals & Mining,False,0.4238143428617888
BAJAJFINSV,ICICIBANK,Financial Services,Financial Services,True,0.42342452757959487
M&M,ULTRACEMCO,Automobile,Construction Materials,False,0.4220042515124028
GRASIM,ICICIBANK,Construction Materials,Financial Services,False,0.4216864203147335
TMPV,JIOFIN,Automobile,Financial Services,False,0.4199123899863255
BAJFINANCE,ICICIBANK,Financial Services,Financial Services,True,0.4190746618660101
BAJAJ-AUTO,MARUTI,Automobile,Automobile,True,0.4189970233365015
RELIANCE,ADANIPORTS,"Oil, Gas & Fuels",Services,False,0.41895914784570826
AXISBANK,BAJFINANCE,Financial Services,Financial Services,True,0.4169749465910268
ULTRACEMCO,INDIGO,Construction Materials,Services,False,0.41669369211219665
JIOFIN,INDIGO,Financial Services,Services,False,0.41545960062372017
GRASIM,HINDALCO,Construction Materials,Metals & Mining,False,0.41517344856430183
NESTLEIND,TATACONSUM,FMCG,FMCG,True,0.4150807076133669
CIPLA,DRREDDY,Healthcare,Healthcare,True,0.41393934750826483
BAJAJFINSV,SBILIFE,Financial Services,Financial Services,True,0.41349369026560234
M&M,BAJAJFINSV,Automobile,Financial Services,False,0.41335448373947464
GRASIM,BAJFINANCE,Construction Materials,Financial Services,False,0.41281599920152445
SBIN,TATASTEEL,Financial Services,Metals & Mining,False,0.412750594750734
ULTRACEMCO,BAJFINANCE,Construction Materials,Financial Services,False,0.4125207237677309
LT,HDFCBANK,Construction,Financial Services,False,0.412332752351353
BAJFINANCE,KOTAKBANK,Financial Services,Financial Services,True,0.4119566213124275
LT,ICICIBANK,Construction,Financial Services,False,0.41131201277045926
ULTRACEMCO,ICICIBANK,Construction Materials,Financial Services,False,0.4107173311048348
ICICIBANK,SHRIRAMFIN,Financial Services,Financial Services,True,0.4095426735755796
GRASIM,ADANIPORTS,Construction Materials,Services,False,0.40948176208670933
SBIN,JSWSTEEL,Financial Services,Metals & Mining,False,0.4088744685336243
TATASTEEL,ONGC,Metals & Mining,"Oil, Gas & Fuels",False,0.4088662780800768
BAJAJFINSV,HDFCBANK,Financial Services,Financial Services,True,0.40863019457632227
HDFCBANK,SBIN,Financial Services,Financial Services,True,0.408627221538461
ULTRACEMCO,SBIN,Construction Materials,Financial Services,False,0.4083502783854125
JSWSTEEL,NTPC,Metals & Mining,Power,False,0.4080567054647604
LT,NTPC,Construction,Power,False,0.4078913279427431
BAJAJ-AUTO,M&M,Automobile,Automobile,True,0.40777719118488853
TITAN,BAJAJFINSV,Consumer Durables,Financial Services,False,0.4075731278960133
AXISBANK,KOTAKBANK,Financial Services,Financial Services,True,0.40753350911269626
TMPV,SHRIRAMFIN,Automobile,Financial Services,False,0.4068180194205887
TATASTEEL,RELIANCE,Metals & Mining,"Oil, Gas & Fuels",False,0.4065209246121929
BAJAJFINSV,RELIANCE,Financial Services,"Oil, Gas & Fuels",False,0.4064124329623666
SHRIRAMFIN,INDIGO,Financial Services,Services,False,0.4048543355889757
TMPV,JSWSTEEL,Automobile,Metals & Mining,False,0.40480941790955427
HINDALCO,ONGC,Metals & Mining,"Oil, Gas & Fuels",False,0.40378952581518107
ULTRACEMCO,TATASTEEL,Construction Materials,Metals & Mining,False,0.40312171966690585
JSWSTEEL,COALINDIA,Metals & Mining,"Oil, Gas & Fuels",False,0.40281972015685974
LT,AXISBANK,Construction,Financial Services,False,0.4022882230228532
GRASIM,AXISBANK,Construction Materials,Financial Services,False,0.401763447974171
JSWSTEEL,ADANIPORTS,Metals & Mining,Services,False,0.40175324170382526
EICHERMOT,GRASIM,Automobile,Construction Materials,False,0.4012567534166388
TMPV,ULTRACEMCO,Automobile,Construction Materials,False,0.4009685038833537
ULTRACEMCO,SHRIRAMFIN,Construction Materials,Financial Services,False,0.4000592792172826
EICHERMOT,TMPV,Automobile,Automobile,True,0.3993354777755676
TMPV,GRASIM,Automobile,Construction Materials,False,0.3983152365285078
BAJAJFINSV,KOTAKBANK,Financial Services,Financial Services,True,0.39818287965763915
GRASIM,SHRIRAMFIN,Construction Materials,Financial Services,False,0.3965562486439404
BEL,JIOFIN,Capital Goods,Financial Services,False,0.39401423494648063
ULTRACEMCO,HDFCBANK,Construction Materials,Financial Services,False,0.3939924151680444
M&M,BAJFINANCE,Automobile,Financial Services,False,0.39389201243101807
TMPV,SBIN,Automobile,Financial Services,False,0.3934934341498549
TATASTEEL,ADANIPORTS,Metals & Mining,Services,False,0.3931003097705522
LT,BAJAJFINSV,Construction,Financial Services,False,0.39238716998041595
GRASIM,HDFCBANK,Construction Materials,Financial Services,False,0.39153022891421424
BAJAJFINSV,ADANIPORTS,Financial Services,Services,False,0.39056533431355656
TMPV,TITAN,Automobile,Consumer Durables,False,0.39044548504853066
GRASIM,INDIGO,Construction Materials,Services,False,0.39027190761079555
SBIN,INDIGO,Financial Services,Services,False,0.3897556176263951
JIOFIN,SBIN,Financial Services,Financial Services,True,0.3894460168008249
BEL,JSWSTEEL,Capital Goods,Metals & Mining,False,0.38936835567416056
M&M,SHRIRAMFIN,Automobile,Financial Services,False,0.38772230260005613
TMPV,RELIANCE,Automobile,"Oil, Gas & Fuels",False,0.38617720288350765
M&M,GRASIM,Automobile,Construction Materials,False,0.38616525240797506
TITAN,BAJFINANCE,Consumer Durables,Financial Services,False,0.38551573501180086
ULTRACEMCO,ADANIPORTS,Construction Materials,Services,False,0.3850027947691864
GRASIM,RELIANCE,Construction Materials,"Oil, Gas & Fuels",False,0.38338264552636825
ICICIBANK,JSWSTEEL,Financial Services,Metals & Mining,False,0.3829778256730833
M&M,INDIGO,Automobile,Services,False,0.382865910215521
JSWSTEEL,RELIANCE,Metals & Mining,"Oil, Gas & Fuels",False,0.38161966553422744
KOTAKBANK,SBIN,Financial Services,Financial Services,True,0.3815580872302539
BAJAJFINSV,TATASTEEL,Financial Services,Metals & Mining,False,0.3812889094047989
HDFCBANK,SHRIRAMFIN,Financial Services,Financial Services,True,0.3809537811858496
TMPV,BAJAJFINSV,Automobile,Financial Services,False,0.38078525440851424
BAJFINANCE,ADANIPORTS,Financial Services,Services,False,0.3806652535008334
ASIANPAINT,HINDUNILVR,Consumer Durables,FMCG,False,0.3804017101176966
GRASIM,TITAN,Construction Materials,Consumer Durables,False,0.37996251070448117
LT,BAJFINANCE,Construction,Financial Services,False,0.3797037858311317
SHRIRAMFIN,ADANIPORTS,Financial Services,Services,False,0.3793601344846534
BEL,HINDALCO,Capital Goods,Metals & Mining,False,0.3791677174706522
JIOFIN,NTPC,Financial Services,Power,False,0.37914600764084777
AXISBANK,JIOFIN,Financial Services,Financial Services,True,0.3790718835048712
LT,INDIGO,Construction,Services,False,0.37841854045558376
TMPV,INDIGO,Automobile,Services,False,0.37791675709911404
EICHERMOT,SBIN,Automobile,Financial Services,False,0.3769853650879994
ULTRACEMCO,AXISBANK,Construction Materials,Financial Services,False,0.3769171283828641
ULTRACEMCO,ASIANPAINT,Construction Materials,Consumer Durables,False,0.3766870212784097
M&M,LT,Automobile,Construction,False,0.3759602699191899
BAJAJFINSV,HDFCLIFE,Financial Services,Financial Services,True,0.37574600507651096
BEL,POWERGRID,Capital Goods,Power,False,0.37557953454059
BAJFINANCE,RELIANCE,Financial Services,"Oil, Gas & Fuels",False,0.3753813946501111
RELIANCE,NTPC,"Oil, Gas & Fuels",Power,False,0.3741456766068258
EICHERMOT,ULTRACEMCO,Automobile,Construction Materials,False,0.37403660249063414
COALINDIA,RELIANCE,"Oil, Gas & Fuels","Oil, Gas & Fuels",True,0.3740129422338731
MARUTI,BAJFINANCE,Automobile,Financial Services,False,0.3738056189658616
BAJAJFINSV,JSWSTEEL,Financial Services,Metals & Mining,False,0.3734121143047792
MARUTI,INDIGO,Automobile,Services,False,0.37320512958143465
CIPLA,SUNPHARMA,Healthcare,Healthcare,True,0.37184695316817035
GRASIM,TATACONSUM,Construction Materials,FMCG,False,0.37062422944351275
M&M,TITAN,Automobile,Consumer Durables,False,0.37049009784024484
HDFCBANK,RELIANCE,Financial Services,"Oil, Gas & Fuels",False,0.3686012946174669
COALINDIA,ADANIPORTS,"Oil, Gas & Fuels",Services,False,0.36830923756743883
BAJAJ-AUTO,TMPV,Automobile,Automobile,True,0.3678854549300964
EICHERMOT,LT,Automobile,Construction,False,0.3675226460174361
MARUTI,BAJAJFINSV,Automobile,Financial Services,False,0.36712721650134006
M&M,RELIANCE,Automobile,"Oil, Gas & Fuels",False,0.3664248188619094
AXISBANK,JSWSTEEL,Financial Services,Metals & Mining,False,0.3651632462447745
LT,HINDALCO,Construction,Metals & Mining,False,0.3646695186666206
GRASIM,NTPC,Construction Materials,Power,False,0.36463128609556017
POWERGRID,ADANIPORTS,Power,Services,False,0.36453644953543196
ICICIBANK,INDIGO,Financial Services,Services,False,0.363586356121722
ICICIBANK,ADANIPORTS,Financial Services,Services,False,0.3632723480112859
BEL,SHRIRAMFIN,Capital Goods,Financial Services,False,0.3630494532313055
HDFCBANK,JIOFIN,Financial Services,Financial Services,True,0.3625531608644061
COALINDIA,POWERGRID,"Oil, Gas & Fuels",Power,False,0.3622215610501821
BEL,ADANIENT,Capital Goods,Metals & Mining,False,0.3622147730618325
TMPV,ADANIPORTS,Automobile,Services,False,0.3615210950524602
MARUTI,TITAN,Automobile,Consumer Durables,False,0.3614648044449664
M&M,ICICIBANK,Automobile,Financial Services,False,0.36107942739955473
M&M,SBIN,Automobile,Financial Services,False,0.3606551171442344
TMPV,BEL,Automobile,Capital Goods,False,0.3605959105255858
MARUTI,LT,Automobile,Construction,False,0.3603534271711525
HINDALCO,RELIANCE,Metals & Mining,"Oil, Gas & Fuels",False,0.36021571877005726
MARUTI,SBIN,Automobile,Financial Services,False,0.3600345515334357
LT,TITAN,Construction,Consumer Durables,False,0.35974286021980617
ADANIENT,NTPC,Metals & Mining,Power,False,0.3589697410645058
BAJFINANCE,JSWSTEEL,Financial Services,Metals & Mining,False,0.3587050984804528
SHRIRAMFIN,JSWSTEEL,Financial Services,Metals & Mining,False,0.35846923647193785
BAJAJFINSV,INDIGO,Financial Services,Services,False,0.35767053345369737
BEL,RELIANCE,Capital Goods,"Oil, Gas & Fuels",False,0.35754886575608025
ULTRACEMCO,RELIANCE,Construction Materials,"Oil, Gas & Fuels",False,0.35739299365707705
HDFCBANK,ADANIPORTS,Financial Services,Services,False,0.35720545127117503
ULTRACEMCO,TITAN,Construction Materials,Consumer Durables,False,0.35705883881686534
SHRIRAMFIN,NTPC,Financial Services,Power,False,0.3568235860642631
SBIN,COALINDIA,Financial Services,"Oil, Gas & Fuels",False,0.35650054407848836
GRASIM,ASIANPAINT,Construction Materials,Consumer Durables,False,0.3562444872938784
BEL,ONGC,Capital Goods,"Oil, Gas & Fuels",False,0.35558060028270316
LT,SBILIFE,Construction,Financial Services,False,0.35544040589969783
ULTRACEMCO,JIOFIN,Construction Materials,Financial Services,False,0.35530159170294284
BAJAJFINSV,JIOFIN,Financial Services,Financial Services,True,0.3550820867033811
BAJFINANCE,INDIGO,Financial Services,Services,False,0.3550166654668808
GRASIM,SBILIFE,Construction Materials,Financial Services,False,0.3548723926460706
GRASIM,KOTAKBANK,Construction Materials,Financial Services,False,0.3548274730594891
MARUTI,ULTRACEMCO,Automobile,Construction Materials,False,0.35471269488890944
M&M,ADANIPORTS,Automobile,Services,False,0.3546353922706975
DRREDDY,SUNPHARMA,Healthcare,Healthcare,True,0.3543921401460961
AXISBANK,RELIANCE,Financial Services,"Oil, Gas & Fuels",False,0.35429194839510425
GRASIM,HDFCLIFE,Construction Materials,Financial Services,False,0.35418841813777874
M&M,JSWSTEEL,Automobile,Metals & Mining,False,0.3540121757505048
MARUTI,AXISBANK,Automobile,Financial Services,False,0.35396504970844633
HINDALCO,NTPC,Metals & Mining,Power,False,0.3532187274804544
TMPV,HINDALCO,Automobile,Metals & Mining,False,0.35299574518149274
HINDUNILVR,ITC,FMCG,FMCG,True,0.3529560559875932
ADANIPORTS,INDIGO,Services,Services,True,0.35272420131560017
ASIANPAINT,BAJAJFINSV,Consumer Durables,Financial Services,False,0.35222126068747517
EICHERMOT,ICICIBANK,Automobile,Financial Services,False,0.352152794828711
M&M,HDFCBANK,Automobile,Financial Services,False,0.3518817555302635
TMPV,NTPC,Automobile,Power,False,0.3518338378886847
SHRIRAMFIN,TATASTEEL,Financial Services,Metals & Mining,False,0.3501454310619732
EICHERMOT,AXISBANK,Automobile,Financial Services,False,0.34944431251434255
AXISBANK,INDIGO,Financial Services,Services,False,0.34940374206232083
HDFCBANK,JSWSTEEL,Financial Services,Metals & Mining,False,0.3493664069019062
ULTRACEMCO,SBILIFE,Construction Materials,Financial Services,False,0.3491866754020849
ULTRACEMCO,HDFCLIFE,Construction Materials,Financial Services,False,0.3490112815792125
ASIANPAINT,TITAN,Consumer Durables,Consumer Durables,True,0.3487678686298627
AXISBANK,TATASTEEL,Financial Services,Metals & Mining,False,0.3483759565125951
EICHERMOT,TITAN,Automobile,Consumer Durables,False,0.34818881536738233
AXISBANK,ADANIPORTS,Financial Services,Services,False,0.34802685118407073
ONGC,RELIANCE,"Oil, Gas & Fuels","Oil, Gas & Fuels",True,0.34666391595085166
ASIANPAINT,NESTLEIND,Consumer Durables,FMCG,False,0.34653246089433554
MARUTI,GRASIM,Automobile,Construction Materials,False,0.34643832309996214
BEL,GRASIM,Capital Goods,Construction Materials,False,0.34633198432095097
GRASIM,JIOFIN,Construction Materials,Financial Services,False,0.3462673213167866
GRASIM,ADANIENT,Construction Materials,Metals & Mining,False,0.3461202034321722
EICHERMOT,SHRIRAMFIN,Automobile,Financial Services,False,0.3460874247284734
ICICIBANK,RELIANCE,Financial Services,"Oil, Gas & Fuels",False,0.34586607337858427
JIOFIN,JSWSTEEL,Financial Services,Metals & Mining,False,0.34566683521546404
EICHERMOT,BAJAJFINSV,Automobile,Financial Services,False,0.3447213030842193
ULTRACEMCO,KOTAKBANK,Construction Materials,Financial Services,False,0.34459475608094914
LT,KOTAKBANK,Construction,Financial Services,False,0.3444393162019785
TMPV,BAJFINANCE,Automobile,Financial Services,False,0.34443288812613193
JSWSTEEL,ONGC,Metals & Mining,"Oil, Gas & Fuels",False,0.3440108624947721
EICHERMOT,JIOFIN,Automobile,Financial Services,False,0.34374119960997385
EICHERMOT,JSWSTEEL,Automobile,Metals & Mining,False,0.34351962451806084
ICICIBANK,TATASTEEL,Financial Services,Metals & Mining,False,0.3430954956860015
MARUTI,ASIANPAINT,Automobile,Consumer Durables,False,0.34280768856889027
TATASTEEL,INDIGO,Metals & Mining,Services,False,0.3421142900808663
EICHERMOT,RELIANCE,Automobile,"Oil, Gas & Fuels",False,0.34198711019941275
TITAN,JSWSTEEL,Consumer Durables,Metals & Mining,False,0.3419862433237342
ADANIENT,RELIANCE,Metals & Mining,"Oil, Gas & Fuels",False,0.34159456602369437
SBILIFE,ADANIPORTS,Financial Services,Services,False,0.3414573326447411
SBILIFE,SBIN,Financial Services,Financial Services,True,0.34113156910536097
BAJAJFINSV,ADANIENT,Financial Services,Metals & Mining,False,0.3406536654790172
BAJFINANCE,SBILIFE,Financial Services,Financial Services,True,0.34065069283419414
JSWSTEEL,INDIGO,Metals & Mining,Services,False,0.3402756896772827
BAJFINANCE,TATASTEEL,Financial Services,Metals & Mining,False,0.3402070823493564
HDFCBANK,HDFCLIFE,Financial Services,Financial Services,True,0.34007966296311926
SBILIFE,RELIANCE,Financial Services,"Oil, Gas & Fuels",False,0.3398155110383646
JIOFIN,COALINDIA,Financial Services,"Oil, Gas & Fuels",False,0.33853831863143297
ADANIENT,JSWSTEEL,Metals & Mining,Metals & Mining,True,0.33839123910000807
TITAN,ADANIPORTS,Consumer Durables,Services,False,0.3377056242154232
ASIANPAINT,BAJFINANCE,Consumer Durables,Financial Services,False,0.33764075504639235
TITAN,TATACONSUM,Consumer Durables,FMCG,False,0.33689153194078514
M&M,BEL,Automobile,Capital Goods,False,0.33650930413246954
ETERNAL,JIOFIN,Consumer Services,Financial Services,False,0.33632221467450624
ASIANPAINT,TATACONSUM,Consumer Durables,FMCG,False,0.33601551822739817
KOTAKBANK,SHRIRAMFIN,Financial Services,Financial Services,True,0.3356307694686556
MARUTI,SHRIRAMFIN,Automobile,Financial Services,False,0.3354938049757937
KOTAKBANK,RELIANCE,Financial Services,"Oil, Gas & Fuels",False,0.3354444013384862
TMPV,KOTAKBANK,Automobile,Financial Services,False,0.33507595041723853
TATASTEEL,POWERGRID,Metals & Mining,Power,False,0.3350752780653128
AXISBANK,HDFCLIFE,Financial Services,Financial Services,True,0.33443150149643625
LT,COALINDIA,Construction,"Oil, Gas & Fuels",False,0.3342327732366944
HDFCBANK,INDIGO,Financial Services,Services,False,0.33306542086683527
ICICIBANK,JIOFIN,Financial Services,Financial Services,True,0.3325953993141264
BAJFINANCE,JIOFIN,Financial Services,Financial Services,True,0.33230427451945616
ITC,TATACONSUM,FMCG,FMCG,True,0.3320711726513733
BEL,ULTRACEMCO,Capital Goods,Construction Materials,False,0.33198774621324856
ASIANPAINT,INDIGO,Consumer Durables,Services,False,0.3319243874368075
TITAN,SHRIRAMFIN,Consumer Durables,Financial Services,False,0.33188470199073017
SBIN,POWERGRID,Financial Services,Power,False,0.3318654671502811
LT,HDFCLIFE,Construction,Financial Services,False,0.33173856040493993
LT,ADANIENT,Construction,Metals & Mining,False,0.33159468779313567
EICHERMOT,BAJFINANCE,Automobile,Financial Services,False,0.33114740589188896
RELIANCE,BHARTIARTL,"Oil, Gas & Fuels",Telecommunication,False,0.3311081437365895
ONGC,POWERGRID,"Oil, Gas & Fuels",Power,False,0.3309175598899203
TITAN,SBILIFE,Consumer Durables,Financial Services,False,0.33022583333405126
M&M,AXISBANK,Automobile,Financial Services,False,0.32976212579463765
JIOFIN,POWERGRID,Financial Services,Power,False,0.32879923710061043
TITAN,RELIANCE,Consumer Durables,"Oil, Gas & Fuels",False,0.3282820438044321
EICHERMOT,KOTAKBANK,Automobile,Financial Services,False,0.3281298367398128
LT,POWERGRID,Construction,Power,False,0.32767974699513214
TMPV,AXISBANK,Automobile,Financial Services,False,0.3257614095040273
HDFCLIFE,ADANIPORTS,Financial Services,Services,False,0.32566877320595305
SBILIFE,TATASTEEL,Financial Services,Metals & Mining,False,0.3256523266339451
SBIN,HINDALCO,Financial Services,Metals & Mining,False,0.32548078251908763
KOTAKBANK,JSWSTEEL,Financial Services,Metals & Mining,False,0.3252876818823712
HDFCLIFE,SHRIRAMFIN,Financial Services,Financial Services,True,0.3251290927879742
BEL,INDIGO,Capital Goods,Services,False,0.32508619906804326
M&M,JIOFIN,Automobile,Financial Services,False,0.3249156974120136
EICHERMOT,HDFCBANK,Automobile,Financial Services,False,0.32407899695030784
EICHERMOT,ASIANPAINT,Automobile,Consumer Durables,False,0.3238324044988552
M&M,KOTAKBANK,Automobile,Financial Services,False,0.32264859315423633
SHRIRAMFIN,ADANIENT,Financial Services,Metals & Mining,False,0.3225054575830044
TITAN,TATASTEEL,Consumer Durables,Metals & Mining,False,0.32237039427493874
ULTRACEMCO,TATACONSUM,Construction Materials,FMCG,False,0.32229555253267866
BAJFINANCE,HDFCLIFE,Financial Services,Financial Services,True,0.3222913404511227
JSWSTEEL,BHARTIARTL,Metals & Mining,Telecommunication,False,0.32225232177389473
BAJFINANCE,ADANIENT,Financial Services,Metals & Mining,False,0.32222017833230654
M&M,TATASTEEL,Automobile,Metals & Mining,False,0.32193770405791117
SHRIRAMFIN,RELIANCE,Financial Services,"Oil, Gas & Fuels",False,0.3217153649348955
ULTRACEMCO,NTPC,Construction Materials,Power,False,0.32062098853257104
EICHERMOT,SBILIFE,Automobile,Financial Services,False,0.3204072327826045
TITAN,TRENT,Consumer Durables,Consumer Services,False,0.32033186529731206
SBILIFE,JSWSTEEL,Financial Services,Metals & Mining,False,0.3202401108054077
JSWSTEEL,POWERGRID,Metals & Mining,Power,False,0.32017126289136394
MARUTI,ICICIBANK,Automobile,Financial Services,False,0.3187919432661293
M&M,SBILIFE,Automobile,Financial Services,False,0.3183857325410167
TMPV,ADANIENT,Automobile,Metals & Mining,False,0.3179781738621477
HDFCBANK,TATASTEEL,Financial Services,Metals & Mining,False,0.31585893006051896
ITC,JSWSTEEL,FMCG,Metals & Mining,False,0.31529847619148804
TMPV,TATACONSUM,Automobile,FMCG,False,0.3147345749789943
MARUTI,RELIANCE,Automobile,"Oil, Gas & Fuels",False,0.31466092218616587
BAJAJFINSV,NTPC,Financial Services,Power,False,0.3145299930646473
ICICIBANK,BHARTIARTL,Financial Services,Telecommunication,False,0.3140002536367844
ADANIENT,TATASTEEL,Metals & Mining,Metals & Mining,True,0.31375058726691596
TATACONSUM,BAJAJFINSV,FMCG,Financial Services,False,0.3134346705391764
ITC,RELIANCE,FMCG,"Oil, Gas & Fuels",False,0.31330586367920954
TRENT,ITC,Consumer Services,FMCG,False,0.31294400634772496
EICHERMOT,INDIGO,Automobile,Services,False,0.3128024696503349
JIOFIN,SBILIFE,Financial Services,Financial Services,True,0.31272746454896494
AXISBANK,NTPC,Financial Services,Power,False,0.3124721754305653
GRASIM,BHARTIARTL,Construction Materials,Telecommunication,False,0.31222074424068974
LT,ASIANPAINT,Construction,Consumer Durables,False,0.31179757095333027
BAJAJ-AUTO,TITAN,Automobile,Consumer Durables,False,0.3117162157547469
M&M,TRENT,Automobile,Consumer Services,False,0.3115094740013565
HINDALCO,ADANIPORTS,Metals & Mining,Services,False,0.3115043943454127
TITAN,SBIN,Consumer Durables,Financial Services,False,0.31041364495505575
TRENT,INDIGO,Consumer Services,Services,False,0.3104044283425825
BAJAJ-AUTO,SHRIRAMFIN,Automobile,Financial Services,False,0.31040271713971707
HDFCLIFE,SBIN,Financial Services,Financial Services,True,0.30973582446959713
EICHERMOT,ADANIPORTS,Automobile,Services,False,0.3097248432759788
TRENT,BAJFINANCE,Consumer Services,Financial Services,False,0.30937485795284225
HDFCLIFE,JIOFIN,Financial Services,Financial Services,True,0.30915356752834744
HDFCLIFE,INDIGO,Financial Services,Services,False,0.3090816916618933
TMPV,SBILIFE,Automobile,Financial Services,False,0.3086960482577899
GRASIM,POWERGRID,Construction Materials,Power,False,0.3082997144026547
BSE,JIOFIN,Financial Services,Financial Services,True,0.3081911988327725
MARUTI,KOTAKBANK,Automobile,Financial Services,False,0.3080890202789288
HDFCLIFE,KOTAKBANK,Financial Services,Financial Services,True,0.3073800605893391
HDFCLIFE,ADANIENT,Financial Services,Metals & Mining,False,0.3072730335253959
EICHERMOT,TATACONSUM,Automobile,FMCG,False,0.3069617913138373
GRASIM,NESTLEIND,Construction Materials,FMCG,False,0.3066194899573764
ULTRACEMCO,ADANIENT,Construction Materials,Metals & Mining,False,0.3064844955494678
RELIANCE,INDIGO,"Oil, Gas & Fuels",Services,False,0.30640898914789577
M&M,BHARTIARTL,Automobile,Telecommunication,False,0.3059808865554259
TRENT,TATASTEEL,Consumer Services,Metals & Mining,False,0.3058589967049991
TMPV,HDFCBANK,Automobile,Financial Services,False,0.30537296438352374
ADANIENT,COALINDIA,Metals & Mining,"Oil, Gas & Fuels",False,0.3049444746791134
JIOFIN,HINDALCO,Financial Services,Metals & Mining,False,0.3049339564561145
SBIN,ONGC,Financial Services,"Oil, Gas & Fuels",False,0.30479581830890623
KOTAKBANK,SBILIFE,Financial Services,Financial Services,True,0.30476988673068967
TMPV,TRENT,Automobile,Consumer Services,False,0.3045931212521696
GRASIM,ITC,Construction Materials,FMCG,False,0.30452722238791563
TMPV,ICICIBANK,Automobile,Financial Services,False,0.30425770046744477
TMPV,HDFCLIFE,Automobile,Financial Services,False,0.30386598408588505
HDFCLIFE,TATASTEEL,Financial Services,Metals & Mining,False,0.30381144096564777
LT,HCLTECH,Construction,Information Technology,False,0.3034581023482407
EICHERMOT,TATASTEEL,Automobile,Metals & Mining,False,0.3034121826318433
M&M,ADANIENT,Automobile,Metals & Mining,False,0.30282653263723325
ULTRACEMCO,NESTLEIND,Construction Materials,FMCG,False,0.30280566104771506
EICHERMOT,BHARTIARTL,Automobile,Telecommunication,False,0.3027641385837588
RELIANCE,POWERGRID,"Oil, Gas & Fuels",Power,False,0.3027216832524999
LT,INFY,Construction,Information Technology,False,0.3021656539255056
M&M,HDFCLIFE,Automobile,Financial Services,False,0.30179536960021225
BAJAJ-AUTO,GRASIM,Automobile,Construction Materials,False,0.3017828609025212
MARUTI,HDFCBANK,Automobile,Financial Services,False,0.301766506415709
MARUTI,SBILIFE,Automobile,Financial Services,False,0.30158512601966214
ADANIPORTS,BHARTIARTL,Services,Telecommunication,False,0.3015352972982841
TRENT,JSWSTEEL,Consumer Services,Metals & Mining,False,0.30153286040477595
KOTAKBANK,BHARTIARTL,Financial Services,Telecommunication,False,0.30141395585256764
LT,TCS,Construction,Information Technology,False,0.30074340671399336
BSE,TATASTEEL,Financial Services,Metals & Mining,False,0.3002847223250199
LT,TECHM,Construction,Information Technology,False,0.30008163198661386
HDFCBANK,SBILIFE,Financial Services,Financial Services,True,0.3000470362015975
ETERNAL,ADANIPORTS,Consumer Services,Services,False,0.2999775630827909
HDFCLIFE,ICICIBANK,Financial Services,Financial Services,True,0.2997813773522694
KOTAKBANK,INDIGO,Financial Services,Services,False,0.2990240053981872
BAJAJFINSV,HINDALCO,Financial Services,Metals & Mining,False,0.2988990501818322
GRASIM,TRENT,Construction Materials,Consumer Services,False,0.29887980580115475
ETERNAL,INDIGO,Consumer Services,Services,False,0.29870464365200244
EICHERMOT,TRENT,Automobile,Consumer Services,False,0.2987001425838278
TRENT,BAJAJFINSV,Consumer Services,Financial Services,False,0.2986368426808704
MARUTI,ADANIPORTS,Automobile,Services,False,0.2984518529959018
TMPV,COALINDIA,Automobile,"Oil, Gas & Fuels",False,0.2979152975514268
TMPV,BSE,Automobile,Financial Services,False,0.297700674467537
BAJAJ-AUTO,ULTRACEMCO,Automobile,Construction Materials,False,0.29718560821552226
AXISBANK,SBILIFE,Financial Services,Financial Services,True,0.2970663158171181
TITAN,INDIGO,Consumer Durables,Services,False,0.2962595079826077
APOLLOHOSP,MAXHEALTH,Healthcare,Healthcare,True,0.2962024019625956
GRASIM,APOLLOHOSP,Construction Materials,Healthcare,False,0.29614932617574136
ICICIBANK,NTPC,Financial Services,Power,False,0.2955826181183774
ULTRACEMCO,TRENT,Construction Materials,Consumer Services,False,0.29494306837110335
TITAN,NESTLEIND,Consumer Durables,FMCG,False,0.293854404120889
BAJAJ-AUTO,JSWSTEEL,Automobile,Metals & Mining,False,0.2936868583503353
MARUTI,JSWSTEEL,Automobile,Metals & Mining,False,0.2935314768792824
BEL,AXISBANK,Capital Goods,Financial Services,False,0.29334546217613267
TITAN,ITC,Consumer Durables,FMCG,False,0.29307202064731014
SBILIFE,ADANIENT,Financial Services,Metals & Mining,False,0.2930505096107679
HDFCLIFE,JSWSTEEL,Financial Services,Metals & Mining,False,0.29192851195466846
ICICIBANK,ADANIENT,Financial Services,Metals & Mining,False,0.29180588829395887
TRENT,SBIN,Consumer Services,Financial Services,False,0.29174666055318504
LT,BHARTIARTL,Construction,Telecommunication,False,0.29157811467378614
TITAN,ETERNAL,Consumer Durables,Consumer Services,False,0.290780629094759
TMPV,ITC,Automobile,FMCG,False,0.2904026967492044
HDFCLIFE,RELIANCE,Financial Services,"Oil, Gas & Fuels",False,0.29025372130103994
BSE,COALINDIA,Financial Services,"Oil, Gas & Fuels",False,0.28992905529137075
BAJAJ-AUTO,RELIANCE,Automobile,"Oil, Gas & Fuels",False,0.2898642989224086
BAJAJFINSV,INFY,Financial Services,Information Technology,False,0.28978310138820657
TRENT,RELIANCE,Consumer Services,"Oil, Gas & Fuels",False,0.2896342200416591
HDFCBANK,ADANIENT,Financial Services,Metals & Mining,False,0.2893969484943312
EICHERMOT,HINDUNILVR,Automobile,FMCG,False,0.2892051177217471
JIOFIN,KOTAKBANK,Financial Services,Financial Services,True,0.2891654654869793
BAJAJ-AUTO,TATASTEEL,Automobile,Metals & Mining,False,0.28890306686108225
ITC,NESTLEIND,FMCG,FMCG,True,0.2888559496709558
ITC,KOTAKBANK,FMCG,Financial Services,False,0.28881675401944734
ICICIBANK,SBILIFE,Financial Services,Financial Services,True,0.2887610708153851
MARUTI,HINDUNILVR,Automobile,FMCG,False,0.28864070234581174
M&M,NTPC,Automobile,Power,False,0.2883114939046026
TITAN,HDFCBANK,Consumer Durables,Financial Services,False,0.28807977353012193
M&M,TATACONSUM,Automobile,FMCG,False,0.2880206894269298
BEL,BAJAJFINSV,Capital Goods,Financial Services,False,0.2878376603190867
EICHERMOT,BEL,Automobile,Capital Goods,False,0.28751930878375465
EICHERMOT,ADANIENT,Automobile,Metals & Mining,False,0.287339438503745
ETERNAL,BAJFINANCE,Consumer Services,Financial Services,False,0.28641349144630035
TMPV,POWERGRID,Automobile,Power,False,0.2861458463414155
ULTRACEMCO,HINDALCO,Construction Materials,Metals & Mining,False,0.2860807741668747
SBIN,BHARTIARTL,Financial Services,Telecommunication,False,0.28594495759447514
HDFCBANK,BHARTIARTL,Financial Services,Telecommunication,False,0.28588708415326736
ASIANPAINT,JIOFIN,Consumer Durables,Financial Services,False,0.28588072797791053
ADANIENT,INDIGO,Metals & Mining,Services,False,0.28577143730820903
GRASIM,COALINDIA,Construction Materials,"Oil, Gas & Fuels",False,0.2857464070700221
TATACONSUM,BAJFINANCE,FMCG,Financial Services,False,0.28568768727943517
BAJAJ-AUTO,LT,Automobile,Construction,False,0.28540910968355976
MARUTI,TATACONSUM,Automobile,FMCG,False,0.2851553747624875
GRASIM,SUNPHARMA,Construction Materials,Healthcare,False,0.2848474314246665
BAJFINANCE,APOLLOHOSP,Financial Services,Healthcare,False,0.2843056947976197
BEL,HDFCLIFE,Capital Goods,Financial Services,False,0.28416480373776076
BAJFINANCE,NTPC,Financial Services,Power,False,0.2839027232624338
BEL,ICICIBANK,Capital Goods,Financial Services,False,0.28373266992205276
TITAN,KOTAKBANK,Consumer Durables,Financial Services,False,0.2833652603120497
M&M,ETERNAL,Automobile,Consumer Services,False,0.28335331367308103
HINDALCO,POWERGRID,Metals & Mining,Power,False,0.28329849585354194
TATACONSUM,INDIGO,FMCG,Services,False,0.28318198501820524
JIOFIN,ONGC,Financial Services,"Oil, Gas & Fuels",False,0.2831036576980087
BAJAJ-AUTO,BAJAJFINSV,Automobile,Financial Services,False,0.28233166558577183
KOTAKBANK,ADANIPORTS,Financial Services,Services,False,0.2821898092841541
SBILIFE,SHRIRAMFIN,Financial Services,Financial Services,True,0.28188047224070456
TATACONSUM,HDFCLIFE,FMCG,Financial Services,False,0.28175836456451203
ETERNAL,HDFCBANK,Consumer Services,Financial Services,False,0.28136793657857484
BEL,TITAN,Capital Goods,Consumer Durables,False,0.28122347041922935
TITAN,JIOFIN,Consumer Durables,Financial Services,False,0.2809089443069217
BSE,SBIN,Financial Services,Financial Services,True,0.2804263078538345
TITAN,HDFCLIFE,Consumer Durables,Financial Services,False,0.28012125708727487
MARUTI,JIOFIN,Automobile,Financial Services,False,0.2801087040140063
ULTRACEMCO,BHARTIARTL,Construction Materials,Telecommunication,False,0.2796611532506708
BAJAJFINSV,TECHM,Financial Services,Information Technology,False,0.27931859661626973
TATACONSUM,RELIANCE,FMCG,"Oil, Gas & Fuels",False,0.2791695034217323
BAJAJFINSV,TCS,Financial Services,Information Technology,False,0.27911305566739103
LT,TATACONSUM,Construction,FMCG,False,0.27886225244738655
BSE,INDIGO,Financial Services,Services,False,0.27884522591427474
TITAN,ICICIBANK,Consumer Durables,Financial Services,False,0.27869956653712874
TRENT,ADANIPORTS,Consumer Services,Services,False,0.2786926668795243
SHRIRAMFIN,HINDALCO,Financial Services,Metals & Mining,False,0.278639167773566
TITAN,BHARTIARTL,Consumer Durables,Telecommunication,False,0.27838999941078196
BEL,TRENT,Capital Goods,Consumer Services,False,0.2782661325889793
TECHM,JSWSTEEL,Information Technology,Metals & Mining,False,0.2782442701515875
TECHM,RELIANCE,Information Technology,"Oil, Gas & Fuels",False,0.2780892849582899
BSE,ADANIPORTS,Financial Services,Services,False,0.2777555032543241
LT,TRENT,Construction,Consumer Services,False,0.2773152049699472
TATACONSUM,JSWSTEEL,FMCG,Metals & Mining,False,0.27691788417858193
SHRIRAMFIN,COALINDIA,Financial Services,"Oil, Gas & Fuels",False,0.2763700874284355
MARUTI,BHARTIARTL,Automobile,Telecommunication,False,0.2763639143012031
BAJAJ-AUTO,BHARTIARTL,Automobile,Telecommunication,False,0.2760151255193733
ASIANPAINT,ADANIPORTS,Consumer Durables,Services,False,0.27595413785399314
ITC,SBIN,FMCG,Financial Services,False,0.2759038921352687
ASIANPAINT,RELIANCE,Consumer Durables,"Oil, Gas & Fuels",False,0.2759028515540354
BAJAJ-AUTO,JIOFIN,Automobile,Financial Services,False,0.27561030030824846
SBILIFE,NTPC,Financial Services,Power,False,0.2755505470554587
BAJAJ-AUTO,NESTLEIND,Automobile,FMCG,False,0.2755404719282685
NESTLEIND,BAJAJFINSV,FMCG,Financial Services,False,0.2751498791508718
TMPV,TECHM,Automobile,Information Technology,False,0.274765424430634
TATASTEEL,BHARTIARTL,Metals & Mining,Telecommunication,False,0.27474766550836316
TITAN,HINDALCO,Consumer Durables,Metals & Mining,False,0.27422516878043257
M&M,ASIANPAINT,Automobile,Consumer Durables,False,0.27403158955555856
BEL,BSE,Capital Goods,Financial Services,False,0.2739354702937761
SBILIFE,HINDALCO,Financial Services,Metals & Mining,False,0.27390710854186384
ONGC,ADANIPORTS,"Oil, Gas & Fuels",Services,False,0.2733866106438256
TITAN,AXISBANK,Consumer Durables,Financial Services,False,0.27338219149105836
ITC,TATASTEEL,FMCG,Metals & Mining,False,0.27286628887958064
ULTRACEMCO,APOLLOHOSP,Construction Materials,Healthcare,False,0.27285867381605694
TRENT,HINDALCO,Consumer Services,Metals & Mining,False,0.272745359402714
AXISBANK,ADANIENT,Financial Services,Metals & Mining,False,0.2721707088974581
ULTRACEMCO,HINDUNILVR,Construction Materials,FMCG,False,0.271860933094199
TITAN,ADANIENT,Consumer Durables,Metals & Mining,False,0.27142037785412326
LT,BSE,Construction,Financial Services,False,0.27118385697723013
TITAN,HINDUNILVR,Consumer Durables,FMCG,False,0.2708594488194319
ETERNAL,BSE,Consumer Services,Financial Services,False,0.270534522548783
BAJFINANCE,BHARTIARTL,Financial Services,Telecommunication,False,0.2705209351675803
HCLTECH,JSWSTEEL,Information Technology,Metals & Mining,False,0.27040992204121445
SUNPHARMA,TATASTEEL,Healthcare,Metals & Mining,False,0.27022507476648233
BEL,BAJFINANCE,Capital Goods,Financial Services,False,0.27022237315078346
TCS,RELIANCE,Information Technology,"Oil, Gas & Fuels",False,0.26986635787092134
ETERNAL,RELIANCE,Consumer Services,"Oil, Gas & Fuels",False,0.2697838711551961
HCLTECH,RELIANCE,Information Technology,"Oil, Gas & Fuels",False,0.26974363977919624
ITC,BAJFINANCE,FMCG,Financial Services,False,0.269532604510343
ETERNAL,HDFCLIFE,Consumer Services,Financial Services,False,0.26947544421649194
NTPC,INDIGO,Power,Services,False,0.2693947367756142
ETERNAL,ADANIENT,Consumer Services,Metals & Mining,False,0.26933940283824204
BAJAJFINSV,APOLLOHOSP,Financial Services,Healthcare,False,0.2692600388314907
ADANIENT,POWERGRID,Metals & Mining,Power,False,0.2690998158761927
ETERNAL,BAJAJFINSV,Consumer Services,Financial Services,False,0.2689917663691835
TMPV,SUNPHARMA,Automobile,Healthcare,False,0.2689113554738328
EICHERMOT,HDFCLIFE,Automobile,Financial Services,False,0.26860602249301047
ASIANPAINT,HDFCBANK,Consumer Durables,Financial Services,False,0.2685073331231311
HINDUNILVR,SBILIFE,FMCG,Financial Services,False,0.268464124662642
SBILIFE,INDIGO,Financial Services,Services,False,0.2683751256116264
BEL,SBILIFE,Capital Goods,Financial Services,False,0.26833932618835066
TECHM,TATASTEEL,Information Technology,Metals & Mining,False,0.26815773303004864
HINDALCO,INDIGO,Metals & Mining,Services,False,0.2678059099666874
TITAN,APOLLOHOSP,Consumer Durables,Healthcare,False,0.2676096865255689
HDFCBANK,HINDALCO,Financial Services,Metals & Mining,False,0.267358590042143
NESTLEIND,BAJFINANCE,FMCG,Financial Services,False,0.26707988721503634
HCLTECH,BHARTIARTL,Information Technology,Telecommunication,False,0.2670777475969069
ASIANPAINT,SBILIFE,Consumer Durables,Financial Services,False,0.2667518197918646
M&M,APOLLOHOSP,Automobile,Healthcare,False,0.26657422595764196
ASIANPAINT,ICICIBANK,Consumer Durables,Financial Services,False,0.2664556063798493
M&M,NESTLEIND,Automobile,FMCG,False,0.2663042274051427
BAJAJ-AUTO,AXISBANK,Automobile,Financial Services,False,0.265473878594642
KOTAKBANK,TATASTEEL,Financial Services,Metals & Mining,False,0.26528607481417293
SBILIFE,BHARTIARTL,Financial Services,Telecommunication,False,0.2651418045456797
TATACONSUM,TCS,FMCG,Information Technology,False,0.26498235040866125
GRASIM,ETERNAL,Construction Materials,Consumer Services,False,0.2648634181214273
MARUTI,TATASTEEL,Automobile,Metals & Mining,False,0.2648420596724512
BAJAJ-AUTO,INDIGO,Automobile,Services,False,0.2647201067314877
HCLTECH,TATASTEEL,Information Technology,Metals & Mining,False,0.26466128898211194
TRENT,TATACONSUM,Consumer Services,FMCG,False,0.2645326679350214
BSE,JSWSTEEL,Financial Services,Metals & Mining,False,0.2641211840668693
ULTRACEMCO,POWERGRID,Construction Materials,Power,False,0.2641183602177771
HINDALCO,BHARTIARTL,Metals & Mining,Telecommunication,False,0.2637412024510514
BAJAJ-AUTO,TATACONSUM,Automobile,FMCG,False,0.2636661435910314
SHRIRAMFIN,POWERGRID,Financial Services,Power,False,0.2626077402237949
TMPV,ETERNAL,Automobile,Consumer Services,False,0.26251263096961935
TITAN,NTPC,Consumer Durables,Power,False,0.26231613579695257
ULTRACEMCO,ITC,Construction Materials,FMCG,False,0.26193349324776144
BSE,SHRIRAMFIN,Financial Services,Financial Services,True,0.2619046587819876
ASIANPAINT,TRENT,Consumer Durables,Consumer Services,False,0.261883087215259
HINDUNILVR,KOTAKBANK,FMCG,Financial Services,False,0.26184990747551323
BAJAJFINSV,HCLTECH,Financial Services,Information Technology,False,0.26165302393014667
APOLLOHOSP,SUNPHARMA,Healthcare,Healthcare,True,0.2614527071517602
ITC,ADANIPORTS,FMCG,Services,False,0.2610712412430959
TATACONSUM,INFY,FMCG,Information Technology,False,0.26067385624050016
MARUTI,HDFCLIFE,Automobile,Financial Services,False,0.2606074429302881
AXISBANK,COALINDIA,Financial Services,"Oil, Gas & Fuels",False,0.26052903856904236
TATACONSUM,SBILIFE,FMCG,Financial Services,False,0.26044336565027454
ICICIBANK,HINDALCO,Financial Services,Metals & Mining,False,0.26035725553200195
INFY,RELIANCE,Information Technology,"Oil, Gas & Fuels",False,0.2603493288741301
LT,ITC,Construction,FMCG,False,0.2602080372292272
MARUTI,NESTLEIND,Automobile,FMCG,False,0.26011286670684225
APOLLOHOSP,JSWSTEEL,Healthcare,Metals & Mining,False,0.2599670847352387
EICHERMOT,ITC,Automobile,FMCG,False,0.25945580832431325
ETERNAL,TATASTEEL,Consumer Services,Metals & Mining,False,0.25922663161508885
SUNPHARMA,RELIANCE,Healthcare,"Oil, Gas & Fuels",False,0.25894083953716673
BEL,KOTAKBANK,Capital Goods,Financial Services,False,0.2589214958249356
INFY,JSWSTEEL,Information Technology,Metals & Mining,False,0.25850768395595203
TATACONSUM,BHARTIARTL,FMCG,Telecommunication,False,0.2577688674200384
HCLTECH,HINDALCO,Information Technology,Metals & Mining,False,0.2572392253601899
JIOFIN,SUNPHARMA,Financial Services,Healthcare,False,0.2571706039594353
BAJAJ-AUTO,SBIN,Automobile,Financial Services,False,0.25693583643211126
TATACONSUM,ADANIPORTS,FMCG,Services,False,0.2564319596498324
ASIANPAINT,SHRIRAMFIN,Consumer Durables,Financial Services,False,0.25629192053738925
NESTLEIND,SBILIFE,FMCG,Financial Services,False,0.25622559712705456
BSE,HINDALCO,Financial Services,Metals & Mining,False,0.25604517465769644
HDFCBANK,INFY,Financial Services,Information Technology,False,0.2559367118673771
M&M,ITC,Automobile,FMCG,False,0.25591390763733307
AXISBANK,HINDALCO,Financial Services,Metals & Mining,False,0.2555490243049591
TITAN,SUNPHARMA,Consumer Durables,Healthcare,False,0.255378310905221
BAJAJ-AUTO,BAJFINANCE,Automobile,Financial Services,False,0.25494507742070627
SUNPHARMA,HINDALCO,Healthcare,Metals & Mining,False,0.25472562589124437
ITC,ICICIBANK,FMCG,Financial Services,False,0.2547010370695927
BAJAJ-AUTO,SBILIFE,Automobile,Financial Services,False,0.2542741836309743
BSE,ADANIENT,Financial Services,Metals & Mining,False,0.2541351080209786
HDFCBANK,NTPC,Financial Services,Power,False,0.2538061832117265
ETERNAL,SBIN,Consumer Services,Financial Services,False,0.2536679909287329
M&M,HINDUNILVR,Automobile,FMCG,False,0.25344279824768284
ITC,INDIGO,FMCG,Services,False,0.2534255703698519
TATACONSUM,KOTAKBANK,FMCG,Financial Services,False,0.2531890851133845
TMPV,BHARTIARTL,Automobile,Telecommunication,False,0.25305535174014465
MARUTI,ADANIENT,Automobile,Metals & Mining,False,0.25304337543646926
JIOFIN,CIPLA,Financial Services,Healthcare,False,0.2528308979166048
TATACONSUM,SHRIRAMFIN,FMCG,Financial Services,False,0.25255246030229983
TMPV,TCS,Automobile,Information Technology,False,0.252471246274637
GRASIM,HINDUNILVR,Construction Materials,FMCG,False,0.25236283327104986
GRASIM,TECHM,Construction Materials,Information Technology,False,0.25230549115075274
BEL,ETERNAL,Capital Goods,Consumer Services,False,0.252258602593492
BAJAJFINSV,BHARTIARTL,Financial Services,Telecommunication,False,0.2521998450148298
BAJAJ-AUTO,NTPC,Automobile,Power,False,0.25203700025648873
SHRIRAMFIN,BHARTIARTL,Financial Services,Telecommunication,False,0.2519992669284905
BAJFINANCE,HINDALCO,Financial Services,Metals & Mining,False,0.2517447334727326
BAJAJFINSV,BSE,Financial Services,Financial Services,True,0.25166947016254976
MARUTI,NTPC,Automobile,Power,False,0.25140752538113154
TRENT,SHRIRAMFIN,Consumer Services,Financial Services,False,0.2510307061606104
BAJFINANCE,INFY,Financial Services,Information Technology,False,0.25090777230935146
EICHERMOT,NTPC,Automobile,Power,False,0.25080107936232776
TECHM,HINDALCO,Information Technology,Metals & Mining,False,0.25065324944475087
ASIANPAINT,APOLLOHOSP,Consumer Durables,Healthcare,False,0.25064257986860966
BSE,NTPC,Financial Services,Power,False,0.25039535308290123
LT,SUNPHARMA,Construction,Healthcare,False,0.2502189765252206
BAJAJ-AUTO,HDFCBANK,Automobile,Financial Services,False,0.2500332323181298
EICHERMOT,NESTLEIND,Automobile,FMCG,False,0.24986102728894563
SUNPHARMA,JSWSTEEL,Healthcare,Metals & Mining,False,0.2496545265193182
ADANIENT,HINDALCO,Metals & Mining,Metals & Mining,True,0.24965147896078183
LT,APOLLOHOSP,Construction,Healthcare,False,0.24952693871785792
TMPV,APOLLOHOSP,Automobile,Healthcare,False,0.24935885560085266
ETERNAL,SHRIRAMFIN,Consumer Services,Financial Services,False,0.24925034856761727
ASIANPAINT,HDFCLIFE,Consumer Durables,Financial Services,False,0.24914680695929753
ULTRACEMCO,SUNPHARMA,Construction Materials,Healthcare,False,0.24908356067888185
NTPC,BHARTIARTL,Power,Telecommunication,False,0.24895987236119788
TATACONSUM,HDFCBANK,FMCG,Financial Services,False,0.2488180783163574
LT,ONGC,Construction,"Oil, Gas & Fuels",False,0.2487391370817058
LT,ETERNAL,Construction,Consumer Services,False,0.24864201346255582
BAJAJ-AUTO,HDFCLIFE,Automobile,Financial Services,False,0.24862076574507658
ITC,BAJAJFINSV,FMCG,Financial Services,False,0.24856373207304655
EICHERMOT,HINDALCO,Automobile,Metals & Mining,False,0.24844242936572938
EICHERMOT,APOLLOHOSP,Automobile,Healthcare,False,0.24833180318672773
BEL,ITC,Capital Goods,FMCG,False,0.2481570459949255
EICHERMOT,BSE,Automobile,Financial Services,False,0.2481165667734877
BAJAJFINSV,COALINDIA,Financial Services,"Oil, Gas & Fuels",False,0.24803971577834608
KOTAKBANK,NTPC,Financial Services,Power,False,0.24796728802289844
M&M,SUNPHARMA,Automobile,Healthcare,False,0.24784328818841933
ETERNAL,SBILIFE,Consumer Services,Financial Services,False,0.24769434552105968
SBILIFE,SUNPHARMA,Financial Services,Healthcare,False,0.24752042233446342
NESTLEIND,RELIANCE,FMCG,"Oil, Gas & Fuels",False,0.2469604580436493
HDFCBANK,TECHM,Financial Services,Information Technology,False,0.24658127643740158
BEL,HDFCBANK,Capital Goods,Financial Services,False,0.2458621622373065
HDFCLIFE,HINDALCO,Financial Services,Metals & Mining,False,0.2458507221582823
NESTLEIND,APOLLOHOSP,FMCG,Healthcare,False,0.24583532838333633
ADANIENT,BHARTIARTL,Metals & Mining,Telecommunication,False,0.24533874104716685
ULTRACEMCO,ETERNAL,Construction Materials,Consumer Services,False,0.2452641698321303
TATACONSUM,ICICIBANK,FMCG,Financial Services,False,0.24514158175794976
TMPV,HCLTECH,Automobile,Information Technology,False,0.2449888576503658
POWERGRID,INDIGO,Power,Services,False,0.24473744296990788
M&M,POWERGRID,Automobile,Power,False,0.2446315103290815
BAJAJ-AUTO,ASIANPAINT,Automobile,Consumer Durables,False,0.2445014288656474
GRASIM,INFY,Construction Materials,Information Technology,False,0.2444301390549514
HDFCLIFE,BHARTIARTL,Financial Services,Telecommunication,False,0.24437270006278963
INFY,HINDALCO,Information Technology,Metals & Mining,False,0.24403124700568807
BAJAJ-AUTO,ADANIPORTS,Automobile,Services,False,0.2438386560499568
ITC,BHARTIARTL,FMCG,Telecommunication,False,0.24346009634138643
INFY,BHARTIARTL,Information Technology,Telecommunication,False,0.24300269238839436
M&M,INFY,Automobile,Information Technology,False,0.2429252169052406
JIOFIN,APOLLOHOSP,Financial Services,Healthcare,False,0.24287995840132506
TRENT,ADANIENT,Consumer Services,Metals & Mining,False,0.24276524018627127
GRASIM,TCS,Construction Materials,Information Technology,False,0.24270962530063728
ETERNAL,APOLLOHOSP,Consumer Services,Healthcare,False,0.24268013612124226
TATACONSUM,APOLLOHOSP,FMCG,Healthcare,False,0.24266133753185326
HINDUNILVR,INDIGO,FMCG,Services,False,0.24202890871601496
ASIANPAINT,SBIN,Consumer Durables,Financial Services,False,0.24202616884919595
SHRIRAMFIN,APOLLOHOSP,Financial Services,Healthcare,False,0.24196397676768375
SBILIFE,TECHM,Financial Services,Information Technology,False,0.24195420355201466
BAJAJ-AUTO,HINDALCO,Automobile,Metals & Mining,False,0.2414524767893996
M&M,BSE,Automobile,Financial Services,False,0.24130618035932563
ASIANPAINT,ADANIENT,Consumer Durables,Metals & Mining,False,0.24110603961540225
SBILIFE,TCS,Financial Services,Information Technology,False,0.2405401434801594
ETERNAL,TRENT,Consumer Services,Consumer Services,True,0.24032266661464466
SUNPHARMA,ADANIPORTS,Healthcare,Services,False,0.24025630518626384
TRENT,BSE,Consumer Services,Financial Services,False,0.24011699278577675
SBILIFE,HCLTECH,Financial Services,Information Technology,False,0.239941544846672
M&M,HINDALCO,Automobile,Metals & Mining,False,0.23949188069860627
MARUTI,TRENT,Automobile,Consumer Services,False,0.23901124323440218
SUNPHARMA,BHARTIARTL,Healthcare,Telecommunication,False,0.2389537426057102
HINDUNILVR,HDFCLIFE,FMCG,Financial Services,False,0.23894028800034678
BAJFINANCE,TECHM,Financial Services,Information Technology,False,0.23857340395159668
BEL,APOLLOHOSP,Capital Goods,Healthcare,False,0.23840703623752604
AXISBANK,BHARTIARTL,Financial Services,Telecommunication,False,0.23830963026048912
BAJFINANCE,BSE,Financial Services,Financial Services,True,0.23808187481309578
BSE,HDFCBANK,Financial Services,Financial Services,True,0.23802463759102616
SBILIFE,COALINDIA,Financial Services,"Oil, Gas & Fuels",False,0.2379137445769449
TITAN,TCS,Consumer Durables,Information Technology,False,0.23786333151702654
KOTAKBANK,ADANIENT,Financial Services,Metals & Mining,False,0.2376524768994186
BEL,BHARTIARTL,Capital Goods,Telecommunication,False,0.23730469855290004
TECHM,BHARTIARTL,Information Technology,Telecommunication,False,0.2371625174508836
POWERGRID,BHARTIARTL,Power,Telecommunication,False,0.23698689086760183
SBILIFE,INFY,Financial Services,Information Technology,False,0.23679988644861275
APOLLOHOSP,CIPLA,Healthcare,Healthcare,True,0.2367679575448486
LT,DRREDDY,Construction,Healthcare,False,0.23658556693346078
ETERNAL,JSWSTEEL,Consumer Services,Metals & Mining,False,0.23654411434652903
NESTLEIND,HDFCLIFE,FMCG,Financial Services,False,0.23629227796051902
TITAN,HCLTECH,Consumer Durables,Information Technology,False,0.235800800476782
TCS,JSWSTEEL,Information Technology,Metals & Mining,False,0.235661151138846
BEL,TATACONSUM,Capital Goods,FMCG,False,0.23546504046091182
EICHERMOT,ETERNAL,Automobile,Consumer Services,False,0.23542489978478956
ICICIBANK,APOLLOHOSP,Financial Services,Healthcare,False,0.23532157993992495
BAJAJ-AUTO,TRENT,Automobile,Consumer Services,False,0.23503358346176395
TMPV,ASIANPAINT,Automobile,Consumer Durables,False,0.23500460720760963
TRENT,AXISBANK,Consumer Services,Financial Services,False,0.2349656375802997
TATACONSUM,TATASTEEL,FMCG,Metals & Mining,False,0.2349150275037205
GRASIM,BSE,Construction Materials,Financial Services,False,0.23483511498220555
TATACONSUM,TECHM,FMCG,Information Technology,False,0.2347572197764012
TMPV,ONGC,Automobile,"Oil, Gas & Fuels",False,0.23444264195029466
ULTRACEMCO,TCS,Construction Materials,Information Technology,False,0.23419834400393222
ASIANPAINT,KOTAKBANK,Consumer Durables,Financial Services,False,0.23395172486634636
ULTRACEMCO,DRREDDY,Construction Materials,Healthcare,False,0.23379816155495828
TRENT,COALINDIA,Consumer Services,"Oil, Gas & Fuels",False,0.2336606749056262
TITAN,INFY,Consumer Durables,Information Technology,False,0.2332577741228159
HDFCBANK,HCLTECH,Financial Services,Information Technology,False,0.23284409691357272
HINDUNILVR,AXISBANK,FMCG,Financial Services,False,0.23261302616635343
TRENT,ICICIBANK,Consumer Services,Financial Services,False,0.2323696731797749
BSE,RELIANCE,Financial Services,"Oil, Gas & Fuels",False,0.23204312311240646
TMPV,INFY,Automobile,Information Technology,False,0.23204055802135076
BAJAJ-AUTO,KOTAKBANK,Automobile,Financial Services,False,0.2319343580502447
ASIANPAINT,TCS,Consumer Durables,Information Technology,False,0.23159067257966504
BAJAJ-AUTO,BEL,Automobile,Capital Goods,False,0.2312932362157296
BAJFINANCE,TCS,Financial Services,Information Technology,False,0.23120304457838423
APOLLOHOSP,INDIGO,Healthcare,Services,False,0.23110771988063872
COALINDIA,INDIGO,"Oil, Gas & Fuels",Services,False,0.2310417192529009
GRASIM,HCLTECH,Construction Materials,Information Technology,False,0.23099622645438364
TATACONSUM,SBIN,FMCG,Financial Services,False,0.23099574631816544
ULTRACEMCO,TECHM,Construction Materials,Information Technology,False,0.23091207152410617
HINDUNILVR,HDFCBANK,FMCG,Financial Services,False,0.2307235393528952
ITC,HDFCBANK,FMCG,Financial Services,False,0.23048589908327655
ASIANPAINT,ITC,Consumer Durables,FMCG,False,0.23005509884960226
HDFCLIFE,NTPC,Financial Services,Power,False,0.22992394113660497
ICICIBANK,POWERGRID,Financial Services,Power,False,0.22987671566279536
M&M,DRREDDY,Automobile,Healthcare,False,0.22984756417099694
GRASIM,DRREDDY,Construction Materials,Healthcare,False,0.2297564361728077
BAJAJFINSV,POWERGRID,Financial Services,Power,False,0.229670832596717
M&M,TCS,Automobile,Information Technology,False,0.22945647170937938
HDFCBANK,TCS,Financial Services,Information Technology,False,0.22924604734125575
TRENT,JIOFIN,Consumer Services,Financial Services,False,0.22872315754800926
ITC,AXISBANK,FMCG,Financial Services,False,0.22867130017125656
TITAN,TECHM,Consumer Durables,Information Technology,False,0.228396597725684
M&M,TECHM,Automobile,Information Technology,False,0.22827390117359556
BAJAJ-AUTO,ICICIBANK,Automobile,Financial Services,False,0.22818683169089413
MARUTI,ITC,Automobile,FMCG,False,0.22744358622600047
TATACONSUM,SUNPHARMA,FMCG,Healthcare,False,0.22714775702226106
ONGC,BHARTIARTL,"Oil, Gas & Fuels",Telecommunication,False,0.22707059837941598
ETERNAL,HINDALCO,Consumer Services,Metals & Mining,False,0.22699594856982622
M&M,MAXHEALTH,Automobile,Healthcare,False,0.2269385037780979
ULTRACEMCO,HCLTECH,Construction Materials,Information Technology,False,0.22682638728795135
BAJAJFINSV,SUNPHARMA,Financial Services,Healthcare,False,0.2266208158222469
ITC,COALINDIA,FMCG,"Oil, Gas & Fuels",False,0.22646327318001358
TATACONSUM,AXISBANK,FMCG,Financial Services,False,0.22610657622464908
APOLLOHOSP,TATASTEEL,Healthcare,Metals & Mining,False,0.2255292317037865
TATACONSUM,ADANIENT,FMCG,Metals & Mining,False,0.22510346494321082
ASIANPAINT,JSWSTEEL,Consumer Durables,Metals & Mining,False,0.2250359821175894
APOLLOHOSP,RELIANCE,Healthcare,"Oil, Gas & Fuels",False,0.22485352918483412
TCS,TATASTEEL,Information Technology,Metals & Mining,False,0.22449317644547775
INFY,TATASTEEL,Information Technology,Metals & Mining,False,0.22406701050586111
SUNPHARMA,NTPC,Healthcare,Power,False,0.2233794421507485
ICICIBANK,INFY,Financial Services,Information Technology,False,0.22327227452954954
TATACONSUM,HCLTECH,FMCG,Information Technology,False,0.22325975713135682
ETERNAL,ICICIBANK,Consumer Services,Financial Services,False,0.22317953244675287
HDFCLIFE,SUNPHARMA,Financial Services,Healthcare,False,0.22313159270031196
MARUTI,BEL,Automobile,Capital Goods,False,0.22300071009598751
TATACONSUM,NTPC,FMCG,Power,False,0.22280149523930362
SUNPHARMA,TECHM,Healthcare,Information Technology,False,0.22261473523290995
TRENT,HDFCBANK,Consumer Services,Financial Services,False,0.22260852164388648
BAJAJ-AUTO,HINDUNILVR,Automobile,FMCG,False,0.2225366681124503
ASIANPAINT,SUNPHARMA,Consumer Durables,Healthcare,False,0.2225227673710395
HINDUNILVR,BAJFINANCE,FMCG,Financial Services,False,0.2206717485242837
APOLLOHOSP,DRREDDY,Healthcare,Healthcare,True,0.22061414465011187
APOLLOHOSP,TECHM,Healthcare,Information Technology,False,0.22053075837189828
ITC,NTPC,FMCG,Power,False,0.22010764027951946
BAJAJ-AUTO,APOLLOHOSP,Automobile,Healthcare,False,0.2200852433873972
DRREDDY,JSWSTEEL,Healthcare,Metals & Mining,False,0.22001648095753873
TMPV,DRREDDY,Automobile,Healthcare,False,0.2197403476275812
ETERNAL,TECHM,Consumer Services,Information Technology,False,0.2193212977069956
TITAN,COALINDIA,Consumer Durables,"Oil, Gas & Fuels",False,0.21914938375137255
TITAN,BSE,Consumer Durables,Financial Services,False,0.21914404247026062
BAJAJ-AUTO,SUNPHARMA,Automobile,Healthcare,False,0.21911821559643885
ULTRACEMCO,INFY,Construction Materials,Information Technology,False,0.21904420461612023
NESTLEIND,JSWSTEEL,FMCG,Metals & Mining,False,0.21815563552953465
TRENT,BHARTIARTL,Consumer Services,Telecommunication,False,0.2176799130197699
ICICIBANK,TECHM,Financial Services,Information Technology,False,0.2175709303199953
BSE,SBILIFE,Financial Services,Financial Services,True,0.21739512006992673
BSE,HDFCLIFE,Financial Services,Financial Services,True,0.21715948149801054
MARUTI,HINDALCO,Automobile,Metals & Mining,False,0.21698137290279074
BAJFINANCE,HCLTECH,Financial Services,Information Technology,False,0.21685958470344788
KOTAKBANK,TECHM,Financial Services,Information Technology,False,0.21647214127514636
HDFCBANK,POWERGRID,Financial Services,Power,False,0.2163716574461929
HDFCLIFE,TECHM,Financial Services,Information Technology,False,0.21628241091824882
ADANIENT,ONGC,Metals & Mining,"Oil, Gas & Fuels",False,0.21599441132737432
MAXHEALTH,SUNPHARMA,Healthcare,Healthcare,True,0.21590716045270508
SUNPHARMA,TCS,Healthcare,Information Technology,False,0.21545409676795524
MARUTI,ETERNAL,Automobile,Consumer Services,False,0.21535839586021482
TCS,HINDALCO,Information Technology,Metals & Mining,False,0.21524202167853465
APOLLOHOSP,ADANIPORTS,Healthcare,Services,False,0.2147815811188977
SBILIFE,APOLLOHOSP,Financial Services,Healthcare,False,0.21474752760996785
AXISBANK,POWERGRID,Financial Services,Power,False,0.21451706052903532
HINDUNILVR,RELIANCE,FMCG,"Oil, Gas & Fuels",False,0.21428321071281242
HINDUNILVR,BAJAJFINSV,FMCG,Financial Services,False,0.21408237450156972
SBILIFE,POWERGRID,Financial Services,Power,False,0.21388989021800356
HDFCLIFE,HCLTECH,Financial Services,Information Technology,False,0.21369491201657007
ITC,SHRIRAMFIN,FMCG,Financial Services,False,0.21369154993204162
AXISBANK,BSE,Financial Services,Financial Services,True,0.21360880472625948
NESTLEIND,AXISBANK,FMCG,Financial Services,False,0.21333658919436468
ITC,SUNPHARMA,FMCG,Healthcare,False,0.21271157267541993
BAJFINANCE,COALINDIA,Financial Services,"Oil, Gas & Fuels",False,0.21248896432211578
HDFCLIFE,APOLLOHOSP,Financial Services,Healthcare,False,0.21209250020889162
ICICIBANK,SUNPHARMA,Financial Services,Healthcare,False,0.21184486264602687
TECHM,ADANIPORTS,Information Technology,Services,False,0.211143868124551
APOLLOHOSP,HINDALCO,Healthcare,Metals & Mining,False,0.21064857964820302
M&M,HCLTECH,Automobile,Information Technology,False,0.21033234532358258
ETERNAL,AXISBANK,Consumer Services,Financial Services,False,0.21030131585653847
APOLLOHOSP,BHARTIARTL,Healthcare,Telecommunication,False,0.21019063429648896
MARUTI,APOLLOHOSP,Automobile,Healthcare,False,0.20997509374892862
MARUTI,BSE,Automobile,Financial Services,False,0.20993539867169783
INDIGO,BHARTIARTL,Services,Telecommunication,False,0.20992135740253606
NESTLEIND,INDIGO,FMCG,Services,False,0.20980652620548082
APOLLOHOSP,HCLTECH,Healthcare,Information Technology,False,0.20943162665438061
TITAN,POWERGRID,Consumer Durables,Power,False,0.2094303488225623
ICICIBANK,TCS,Financial Services,Information Technology,False,0.20892816680469728
KOTAKBANK,POWERGRID,Financial Services,Power,False,0.2085468889714411
ASIANPAINT,AXISBANK,Consumer Durables,Financial Services,False,0.20799211586713423
BAJAJ-AUTO,ADANIENT,Automobile,Metals & Mining,False,0.2078563369533322
NESTLEIND,KOTAKBANK,FMCG,Financial Services,False,0.20746193759058634
EICHERMOT,MAXHEALTH,Automobile,Healthcare,False,0.20633178892468304
ITC,HINDALCO,FMCG,Metals & Mining,False,0.20612511920629717
ETERNAL,TATACONSUM,Consumer Services,FMCG,False,0.2056621168541949
HDFCLIFE,TCS,Financial Services,Information Technology,False,0.20515934466721078
HDFCBANK,APOLLOHOSP,Financial Services,Healthcare,False,0.20510276493576668
EICHERMOT,SUNPHARMA,Automobile,Healthcare,False,0.2049401910876655
JIOFIN,MAXHEALTH,Financial Services,Healthcare,False,0.2049382448760334
ITC,SBILIFE,FMCG,Financial Services,False,0.20483989372528352
ULTRACEMCO,COALINDIA,Construction Materials,"Oil, Gas & Fuels",False,0.20473622063070263
BSE,ONGC,Financial Services,"Oil, Gas & Fuels",False,0.20470617475847344
ICICIBANK,COALINDIA,Financial Services,"Oil, Gas & Fuels",False,0.20448519889555183
SUNPHARMA,COALINDIA,Healthcare,"Oil, Gas & Fuels",False,0.20393919856976114
HINDUNILVR,ICICIBANK,FMCG,Financial Services,False,0.20316009783255204
ULTRACEMCO,BSE,Construction Materials,Financial Services,False,0.2028465685075677
ETERNAL,KOTAKBANK,Consumer Services,Financial Services,False,0.2027539711826643
SBIN,APOLLOHOSP,Financial Services,Healthcare,False,0.20267293832228625
TRENT,SBILIFE,Consumer Services,Financial Services,False,0.20167799723370453
BAJAJ-AUTO,BSE,Automobile,Financial Services,False,0.20158326286631034
ASIANPAINT,BHARTIARTL,Consumer Durables,Telecommunication,False,0.20136901305644248
SUNPHARMA,HCLTECH,Healthcare,Information Technology,False,0.20124002774462313
TRENT,NTPC,Consumer Services,Power,False,0.20106043288827832
HINDUNILVR,TCS,FMCG,Information Technology,False,0.20089188289849802
M&M,COALINDIA,Automobile,"Oil, Gas & Fuels",False,0.20065422192277046
TMPV,HINDUNILVR,Automobile,FMCG,False,0.20046912144444673
KOTAKBANK,HINDALCO,Financial Services,Metals & Mining,False,0.20044470992665023
LT,NESTLEIND,Construction,FMCG,False,0.20042091804470036
SBIN,TECHM,Financial Services,Information Technology,False,0.20039558592012302
TCS,BHARTIARTL,Information Technology,Telecommunication,False,0.19994758110875038
ITC,HCLTECH,FMCG,Information Technology,False,0.19991940090713545
DRREDDY,TATASTEEL,Healthcare,Metals & Mining,False,0.19979445224838976
GRASIM,ONGC,Construction Materials,"Oil, Gas & Fuels",False,0.19975694481228706
DRREDDY,HCLTECH,Healthcare,Information Technology,False,0.19971863764255396
COALINDIA,BHARTIARTL,"Oil, Gas & Fuels",Telecommunication,False,0.19918204876126316
BAJAJ-AUTO,POWERGRID,Automobile,Power,False,0.19872851280831008
ULTRACEMCO,MAXHEALTH,Construction Materials,Healthcare,False,0.19842967783454832
KOTAKBANK,HCLTECH,Financial Services,Information Technology,False,0.19839511286312778
TRENT,NESTLEIND,Consumer Services,FMCG,False,0.1982937325080287
SUNPHARMA,INFY,Healthcare,Information Technology,False,0.1980916168223992
BAJAJ-AUTO,HCLTECH,Automobile,Information Technology,False,0.1976256414466046
TRENT,HDFCLIFE,Consumer Services,Financial Services,False,0.19702337857393026
SUNPHARMA,INDIGO,Healthcare,Services,False,0.19672432864841416
HINDUNILVR,INFY,FMCG,Information Technology,False,0.19667504897617022
BEL,TECHM,Capital Goods,Information Technology,False,0.1965415222779892
SHRIRAMFIN,SUNPHARMA,Financial Services,Healthcare,False,0.19640480020317547
DRREDDY,RELIANCE,Healthcare,"Oil, Gas & Fuels",False,0.19634948366758737
EICHERMOT,DRREDDY,Automobile,Healthcare,False,0.1963111666554586
EICHERMOT,POWERGRID,Automobile,Power,False,0.19620271202903933
HDFCLIFE,COALINDIA,Financial Services,"Oil, Gas & Fuels",False,0.195920324435524
MARUTI,SUNPHARMA,Automobile,Healthcare,False,0.19564419164963834
APOLLOHOSP,POWERGRID,Healthcare,Power,False,0.19560259415582928
SUNPHARMA,POWERGRID,Healthcare,Power,False,0.1955946862700307
ETERNAL,INFY,Consumer Services,Information Technology,False,0.19554497754826897
ETERNAL,TCS,Consumer Services,Information Technology,False,0.1954155422250658
BSE,KOTAKBANK,Financial Services,Financial Services,True,0.19490841391355715
SBIN,DRREDDY,Financial Services,Healthcare,False,0.19446013356094877
SBIN,TCS,Financial Services,Information Technology,False,0.19416804894902168
HDFCBANK,DRREDDY,Financial Services,Healthcare,False,0.19401150895426328
BSE,ICICIBANK,Financial Services,Financial Services,True,0.19399543067967298
ETERNAL,COALINDIA,Consumer Services,"Oil, Gas & Fuels",False,0.1937046654588439
DRREDDY,INFY,Healthcare,Information Technology,False,0.19351157028896407
EICHERMOT,COALINDIA,Automobile,"Oil, Gas & Fuels",False,0.19348064315913016
ITC,DRREDDY,FMCG,Healthcare,False,0.1934415578819828
ITC,TECHM,FMCG,Information Technology,False,0.19293861895523476
KOTAKBANK,SUNPHARMA,Financial Services,Healthcare,False,0.19289290954684746
TRENT,POWERGRID,Consumer Services,Power,False,0.19283773669126744
AXISBANK,APOLLOHOSP,Financial Services,Healthcare,False,0.19273442648496275
HDFCLIFE,MAXHEALTH,Financial Services,Healthcare,False,0.19241312032268504
BAJAJ-AUTO,ITC,Automobile,FMCG,False,0.19229652551648357
TATACONSUM,HINDALCO,FMCG,Metals & Mining,False,0.19171309377943407
TATACONSUM,JIOFIN,FMCG,Financial Services,False,0.1913361479863554
HCLTECH,ADANIPORTS,Information Technology,Services,False,0.19125941326822665
HINDUNILVR,APOLLOHOSP,FMCG,Healthcare,False,0.1911380627387298
HINDUNILVR,HCLTECH,FMCG,Information Technology,False,0.19113125879770593
HDFCLIFE,INFY,Financial Services,Information Technology,False,0.1910939394491008
HCLTECH,COALINDIA,Information Technology,"Oil, Gas & Fuels",False,0.19104351122748012
KOTAKBANK,APOLLOHOSP,Financial Services,Healthcare,False,0.19082199463646934
TATACONSUM,BSE,FMCG,Financial Services,False,0.19055739088619905
SUNPHARMA,ADANIENT,Healthcare,Metals & Mining,False,0.19025062700586595
ITC,HDFCLIFE,FMCG,Financial Services,False,0.19020093822766518
TRENT,SUNPHARMA,Consumer Services,Healthcare,False,0.19011424980919353
ETERNAL,SUNPHARMA,Consumer Services,Healthcare,False,0.1899332835455061
SBILIFE,ONGC,Financial Services,"Oil, Gas & Fuels",False,0.18986553788004137
NESTLEIND,SUNPHARMA,FMCG,Healthcare,False,0.1897420790936141
DRREDDY,ADANIPORTS,Healthcare,Services,False,0.18944746484637223
BAJFINANCE,SUNPHARMA,Financial Services,Healthcare,False,0.18908476444931888
BSE,APOLLOHOSP,Financial Services,Healthcare,False,0.18819960580246184
LT,CIPLA,Construction,Healthcare,False,0.18812799272071043
DRREDDY,BHARTIARTL,Healthcare,Telecommunication,False,0.18793147872760088
TECHM,COALINDIA,Information Technology,"Oil, Gas & Fuels",False,0.1877168016015757
MARUTI,POWERGRID,Automobile,Power,False,0.18754397474293172
BEL,SUNPHARMA,Capital Goods,Healthcare,False,0.18752295667817317
INFY,ADANIPORTS,Information Technology,Services,False,0.18685445719458516
NESTLEIND,TCS,FMCG,Information Technology,False,0.1868342535422274
APOLLOHOSP,ADANIENT,Healthcare,Metals & Mining,False,0.18675403651076627
EICHERMOT,TECHM,Automobile,Information Technology,False,0.18667993264414784
TCS,ADANIPORTS,Information Technology,Services,False,0.18644302007413596
MAXHEALTH,INDIGO,Healthcare,Services,False,0.186099138466426
BAJAJ-AUTO,DRREDDY,Automobile,Healthcare,False,0.1860321931076783
ITC,ADANIENT,FMCG,Metals & Mining,False,0.18601576415461823
ICICIBANK,HCLTECH,Financial Services,Information Technology,False,0.18595017325017107
APOLLOHOSP,NTPC,Healthcare,Power,False,0.18590488510365172
BAJFINANCE,POWERGRID,Financial Services,Power,False,0.18579490530454223
ITC,INFY,FMCG,Information Technology,False,0.1855311319905882
SHRIRAMFIN,TECHM,Financial Services,Information Technology,False,0.18539289334521186
CIPLA,BHARTIARTL,Healthcare,Telecommunication,False,0.18497495868131253
ASIANPAINT,TATASTEEL,Consumer Durables,Metals & Mining,False,0.18487127071591372
KOTAKBANK,TCS,Financial Services,Information Technology,False,0.1840437322831572
AXISBANK,ONGC,Financial Services,"Oil, Gas & Fuels",False,0.18404345593774915
APOLLOHOSP,COALINDIA,Healthcare,"Oil, Gas & Fuels",False,0.18389043772746383
ETERNAL,BHARTIARTL,Consumer Services,Telecommunication,False,0.1836127740346139
LT,HINDUNILVR,Construction,FMCG,False,0.1833626634381746
JIOFIN,TECHM,Financial Services,Information Technology,False,0.18329718441052842
DRREDDY,TCS,Healthcare,Information Technology,False,0.18321876020149136
SHRIRAMFIN,ONGC,Financial Services,"Oil, Gas & Fuels",False,0.18308441842257983
KOTAKBANK,INFY,Financial Services,Information Technology,False,0.1830076158170726
SBILIFE,DRREDDY,Financial Services,Healthcare,False,0.18294349927794737
NESTLEIND,HDFCBANK,FMCG,Financial Services,False,0.18246454076186663
EICHERMOT,HCLTECH,Automobile,Information Technology,False,0.18245097992333797
BSE,POWERGRID,Financial Services,Power,False,0.18202290021516582
AXISBANK,TCS,Financial Services,Information Technology,False,0.181733548234827
ULTRACEMCO,CIPLA,Construction Materials,Healthcare,False,0.1816016774991981
DRREDDY,TECHM,Healthcare,Information Technology,False,0.18130079847668032
DRREDDY,HINDALCO,Healthcare,Metals & Mining,False,0.18115657354600326
ETERNAL,ITC,Consumer Services,FMCG,False,0.18105646227069166
TECHM,INDIGO,Information Technology,Services,False,0.1810137937969893
MARUTI,TCS,Automobile,Information Technology,False,0.18078122266071062
DRREDDY,NTPC,Healthcare,Power,False,0.18075084029407162
TMPV,NESTLEIND,Automobile,FMCG,False,0.18073853224584227
ASIANPAINT,HCLTECH,Consumer Durables,Information Technology,False,0.18012344989031184
NESTLEIND,ICICIBANK,FMCG,Financial Services,False,0.17958518775992127
HDFCBANK,COALINDIA,Financial Services,"Oil, Gas & Fuels",False,0.1794891409633331
SBIN,HCLTECH,Financial Services,Information Technology,False,0.17946979976804298
TECHM,ONGC,Information Technology,"Oil, Gas & Fuels",False,0.17917231418306714
ETERNAL,NESTLEIND,Consumer Services,FMCG,False,0.1791128826012405
EICHERMOT,TCS,Automobile,Information Technology,False,0.17894317351006633
GRASIM,CIPLA,Construction Materials,Healthcare,False,0.1788663874375583
KOTAKBANK,COALINDIA,Financial Services,"Oil, Gas & Fuels",False,0.1785844524144265
ASIANPAINT,DRREDDY,Consumer Durables,Healthcare,False,0.17842467865612688
SBILIFE,CIPLA,Financial Services,Healthcare,False,0.17803425747435214
HCLTECH,INDIGO,Information Technology,Services,False,0.17799646398935653
BAJAJ-AUTO,ONGC,Automobile,"Oil, Gas & Fuels",False,0.17792509933570144
NESTLEIND,POWERGRID,FMCG,Power,False,0.17779301018986013
ASIANPAINT,ETERNAL,Consumer Durables,Consumer Services,False,0.177772079454971
BEL,ASIANPAINT,Capital Goods,Consumer Durables,False,0.1776442174084713
SBIN,INFY,Financial Services,Information Technology,False,0.177634725065449
ETERNAL,POWERGRID,Consumer Services,Power,False,0.17756575762221055
TATACONSUM,POWERGRID,FMCG,Power,False,0.17733334410306248
ITC,TCS,FMCG,Information Technology,False,0.17705496129704837
SHRIRAMFIN,INFY,Financial Services,Information Technology,False,0.17695838924676194
TMPV,MAXHEALTH,Automobile,Healthcare,False,0.1768530128445005
BAJAJ-AUTO,COALINDIA,Automobile,"Oil, Gas & Fuels",False,0.17590653619696758
BEL,CIPLA,Capital Goods,Healthcare,False,0.17575208878780518
AXISBANK,INFY,Financial Services,Information Technology,False,0.17557081268379446
HDFCLIFE,DRREDDY,Financial Services,Healthcare,False,0.1755643558540617
NESTLEIND,BHARTIARTL,FMCG,Telecommunication,False,0.17524572902340377
JIOFIN,DRREDDY,Financial Services,Healthcare,False,0.17521939678960288
CIPLA,JSWSTEEL,Healthcare,Metals & Mining,False,0.17503120603737063
DRREDDY,ADANIENT,Healthcare,Metals & Mining,False,0.17500406181857822
BAJAJ-AUTO,ETERNAL,Automobile,Consumer Services,False,0.1747985869467763
TITAN,DRREDDY,Consumer Durables,Healthcare,False,0.17475529143529756
TCS,INDIGO,Information Technology,Services,False,0.1746831683725125
NESTLEIND,DRREDDY,FMCG,Healthcare,False,0.1744722488803023
TRENT,TECHM,Consumer Services,Information Technology,False,0.174189861101208
TECHM,ADANIENT,Information Technology,Metals & Mining,False,0.1741849355605681
DRREDDY,INDIGO,Healthcare,Services,False,0.17390292210331987
ASIANPAINT,INFY,Consumer Durables,Information Technology,False,0.17358459672275398
BEL,DRREDDY,Capital Goods,Healthcare,False,0.17346693222390078
INFY,INDIGO,Information Technology,Services,False,0.1731959081253916
AXISBANK,TECHM,Financial Services,Information Technology,False,0.17253616969848867
CIPLA,TATASTEEL,Healthcare,Metals & Mining,False,0.17240500521360916
SHRIRAMFIN,MAXHEALTH,Financial Services,Healthcare,False,0.17182576353333257
MAXHEALTH,JSWSTEEL,Healthcare,Metals & Mining,False,0.1717387705848857
NESTLEIND,ADANIPORTS,FMCG,Services,False,0.17162186310720323
MARUTI,HCLTECH,Automobile,Information Technology,False,0.17146506710903647
JIOFIN,BHARTIARTL,Financial Services,Telecommunication,False,0.17140016534605
JIOFIN,HCLTECH,Financial Services,Information Technology,False,0.1712039485088483
CIPLA,MAXHEALTH,Healthcare,Healthcare,True,0.1704410775728927
NESTLEIND,SBIN,FMCG,Financial Services,False,0.17018942448007826
TRENT,KOTAKBANK,Consumer Services,Financial Services,False,0.17007637174993726
TRENT,APOLLOHOSP,Consumer Services,Healthcare,False,0.16984368321340143
TATACONSUM,COALINDIA,FMCG,"Oil, Gas & Fuels",False,0.16976505859226157
MARUTI,TECHM,Automobile,Information Technology,False,0.1687350571608069
SHRIRAMFIN,HCLTECH,Financial Services,Information Technology,False,0.16865584444089388
ETERNAL,NTPC,Consumer Services,Power,False,0.16856782913845236
ASIANPAINT,TECHM,Consumer Durables,Information Technology,False,0.1684499878152677
TRENT,HCLTECH,Consumer Services,Information Technology,False,0.16826856543567936
ITC,APOLLOHOSP,FMCG,Healthcare,False,0.16817210588406778
ITC,JIOFIN,FMCG,Financial Services,False,0.1676692123292647
AXISBANK,HCLTECH,Financial Services,Information Technology,False,0.16762383237737147
HDFCBANK,SUNPHARMA,Financial Services,Healthcare,False,0.16749138094761842
BSE,TECHM,Financial Services,Information Technology,False,0.1670549485437776
ICICIBANK,MAXHEALTH,Financial Services,Healthcare,False,0.16691209792353803
HINDUNILVR,JSWSTEEL,FMCG,Metals & Mining,False,0.16651768943752074
TRENT,DRREDDY,Consumer Services,Healthcare,False,0.16624790288264726
ASIANPAINT,MAXHEALTH,Consumer Durables,Healthcare,False,0.1661833824588658
ITC,POWERGRID,FMCG,Power,False,0.16604425667559966
HINDUNILVR,SHRIRAMFIN,FMCG,Financial Services,False,0.16586912346587715
MARUTI,MAXHEALTH,Automobile,Healthcare,False,0.16583938123929226
M&M,CIPLA,Automobile,Healthcare,False,0.16543945445898056
NESTLEIND,SHRIRAMFIN,FMCG,Financial Services,False,0.16529390133878616
NESTLEIND,MAXHEALTH,FMCG,Healthcare,False,0.16481705628855176
EICHERMOT,INFY,Automobile,Information Technology,False,0.16449998558549758
ETERNAL,HCLTECH,Consumer Services,Information Technology,False,0.16446830112574634
TRENT,HINDUNILVR,Consumer Services,FMCG,False,0.1644297078554915
ETERNAL,DRREDDY,Consumer Services,Healthcare,False,0.16442949839937274
BEL,HCLTECH,Capital Goods,Information Technology,False,0.1642098476100791
JIOFIN,TCS,Financial Services,Information Technology,False,0.16409737813285358
HINDUNILVR,BHARTIARTL,FMCG,Telecommunication,False,0.16406161461739763
APOLLOHOSP,TCS,Healthcare,Information Technology,False,0.1634230530792191
MARUTI,COALINDIA,Automobile,"Oil, Gas & Fuels",False,0.1631695905988177
ETERNAL,MAXHEALTH,Consumer Services,Healthcare,False,0.16316777596213025
SBIN,SUNPHARMA,Financial Services,Healthcare,False,0.1631588962423295
NESTLEIND,JIOFIN,FMCG,Financial Services,False,0.1619525349348911
NESTLEIND,HCLTECH,FMCG,Information Technology,False,0.16194701577476828
APOLLOHOSP,INFY,Healthcare,Information Technology,False,0.16139091031690148
ASIANPAINT,NTPC,Consumer Durables,Power,False,0.1613780917237824
BAJAJFINSV,DRREDDY,Financial Services,Healthcare,False,0.16125155708823646
CIPLA,ADANIPORTS,Healthcare,Services,False,0.1610099003711666
NESTLEIND,TATASTEEL,FMCG,Metals & Mining,False,0.16088418801961057
M&M,ONGC,Automobile,"Oil, Gas & Fuels",False,0.16061226448850094
DRREDDY,COALINDIA,Healthcare,"Oil, Gas & Fuels",False,0.16007534147868271
BAJFINANCE,MAXHEALTH,Financial Services,Healthcare,False,0.1596504705082804
BSE,BHARTIARTL,Financial Services,Telecommunication,False,0.15953431725705755
SHRIRAMFIN,DRREDDY,Financial Services,Healthcare,False,0.159027803733461
TCS,COALINDIA,Information Technology,"Oil, Gas & Fuels",False,0.15902500763393615
TATACONSUM,DRREDDY,FMCG,Healthcare,False,0.15871329185415034
TECHM,NTPC,Information Technology,Power,False,0.15830681868411148
BAJAJ-AUTO,TCS,Automobile,Information Technology,False,0.1582295813634266
GRASIM,MAXHEALTH,Construction Materials,Healthcare,False,0.15815728461427217
BAJAJ-AUTO,TECHM,Automobile,Information Technology,False,0.1580773991244594
ITC,BSE,FMCG,Financial Services,False,0.15746870115546466
CIPLA,NTPC,Healthcare,Power,False,0.1573737390661015
HINDUNILVR,SUNPHARMA,FMCG,Healthcare,False,0.1566929490362694
MAXHEALTH,BHARTIARTL,Healthcare,Telecommunication,False,0.15660334845981028
MAXHEALTH,ADANIPORTS,Healthcare,Services,False,0.15654321352545028
SHRIRAMFIN,TCS,Financial Services,Information Technology,False,0.15584090079901033
TRENT,MAXHEALTH,Consumer Services,Healthcare,False,0.1556364053727672
HCLTECH,ONGC,Information Technology,"Oil, Gas & Fuels",False,0.15484427346791388
BAJAJ-AUTO,MAXHEALTH,Automobile,Healthcare,False,0.15451584752234393
NESTLEIND,HINDALCO,FMCG,Metals & Mining,False,0.15450660033320618
TRENT,ONGC,Consumer Services,"Oil, Gas & Fuels",False,0.1544132697143769
BEL,NESTLEIND,Capital Goods,FMCG,False,0.154392107597902
CIPLA,POWERGRID,Healthcare,Power,False,0.15432350501655406
SBILIFE,MAXHEALTH,Financial Services,Healthcare,False,0.15332485532294673
BAJAJFINSV,MAXHEALTH,Financial Services,Healthcare,False,0.15316362561491287
HINDUNILVR,SBIN,FMCG,Financial Services,False,0.15211497785005
TITAN,CIPLA,Consumer Durables,Healthcare,False,0.15200271032440846
HDFCLIFE,POWERGRID,Financial Services,Power,False,0.1515402204258771
AXISBANK,DRREDDY,Financial Services,Healthcare,False,0.15145683095802556
ICICIBANK,ONGC,Financial Services,"Oil, Gas & Fuels",False,0.15113573929070878
MAXHEALTH,RELIANCE,Healthcare,"Oil, Gas & Fuels",False,0.1510651045881615
ITC,CIPLA,FMCG,Healthcare,False,0.1510226201382435
ASIANPAINT,CIPLA,Consumer Durables,Healthcare,False,0.14993524027603733
HCLTECH,NTPC,Information Technology,Power,False,0.14960158203620602
TCS,ADANIENT,Information Technology,Metals & Mining,False,0.1493950200906054
HINDUNILVR,ADANIPORTS,FMCG,Services,False,0.14906743431029754
MAXHEALTH,NTPC,Healthcare,Power,False,0.14901645849766193
CIPLA,HINDALCO,Healthcare,Metals & Mining,False,0.1488555668000878
AXISBANK,MAXHEALTH,Financial Services,Healthcare,False,0.14862730078081687
TRENT,INFY,Consumer Services,Information Technology,False,0.14837620867848056
HCLTECH,ADANIENT,Information Technology,Metals & Mining,False,0.14821966018246852
TMPV,CIPLA,Automobile,Healthcare,False,0.14758550920215363
HDFCLIFE,CIPLA,Financial Services,Healthcare,False,0.14719739758751174
INFY,ADANIENT,Information Technology,Metals & Mining,False,0.14634599815947383
HDFCBANK,MAXHEALTH,Financial Services,Healthcare,False,0.14586251512502402
BSE,SUNPHARMA,Financial Services,Healthcare,False,0.1458048458956504
BAJFINANCE,DRREDDY,Financial Services,Healthcare,False,0.14575069889462886
KOTAKBANK,MAXHEALTH,Financial Services,Healthcare,False,0.14537476430182916
ICICIBANK,DRREDDY,Financial Services,Healthcare,False,0.14499762105885977
TRENT,TCS,Consumer Services,Information Technology,False,0.1448633277745677
NESTLEIND,ADANIENT,FMCG,Metals & Mining,False,0.14470396516823616
HINDUNILVR,DRREDDY,FMCG,Healthcare,False,0.14342182452275892
DRREDDY,MAXHEALTH,Healthcare,Healthcare,True,0.14328897967321239
NESTLEIND,CIPLA,FMCG,Healthcare,False,0.14321700738989734
BEL,MAXHEALTH,Capital Goods,Healthcare,False,0.14266530664477978
MARUTI,INFY,Automobile,Information Technology,False,0.14223155434695034
MARUTI,DRREDDY,Automobile,Healthcare,False,0.1420556147586517
DRREDDY,POWERGRID,Healthcare,Power,False,0.1416361505428635
ASIANPAINT,BSE,Consumer Durables,Financial Services,False,0.14136588388919757
SHRIRAMFIN,CIPLA,Financial Services,Healthcare,False,0.14018575287057217
BEL,INFY,Capital Goods,Information Technology,False,0.14012751854503497
JIOFIN,INFY,Financial Services,Information Technology,False,0.1400248042102303
CIPLA,ADANIENT,Healthcare,Metals & Mining,False,0.14000132227185957
TATACONSUM,MAXHEALTH,FMCG,Healthcare,False,0.13992420986431414
ITC,ONGC,FMCG,"Oil, Gas & Fuels",False,0.13988227896744596
MAXHEALTH,TATASTEEL,Healthcare,Metals & Mining,False,0.13908844188958439
BEL,TCS,Capital Goods,Information Technology,False,0.13897248027832282
MAXHEALTH,ADANIENT,Healthcare,Metals & Mining,False,0.1386858714092984
BAJAJFINSV,ONGC,Financial Services,"Oil, Gas & Fuels",False,0.13787766933237794
BAJAJ-AUTO,INFY,Automobile,Information Technology,False,0.13761137225500122
BAJAJFINSV,CIPLA,Financial Services,Healthcare,False,0.1375008529522153
ULTRACEMCO,ONGC,Construction Materials,"Oil, Gas & Fuels",False,0.13726910191920497
TRENT,CIPLA,Consumer Services,Healthcare,False,0.13638829862224286
NESTLEIND,NTPC,FMCG,Power,False,0.1358046956244456
CIPLA,RELIANCE,Healthcare,"Oil, Gas & Fuels",False,0.13574655635880709
MAXHEALTH,TECHM,Healthcare,Information Technology,False,0.1357194769838883
NESTLEIND,TECHM,FMCG,Information Technology,False,0.1356376310525611
ASIANPAINT,POWERGRID,Consumer Durables,Power,False,0.13510608664941695
BSE,MAXHEALTH,Financial Services,Healthcare,False,0.13455249523601304
TECHM,POWERGRID,Information Technology,Power,False,0.13432070863558354
EICHERMOT,ONGC,Automobile,"Oil, Gas & Fuels",False,0.13423614965441574
HCLTECH,POWERGRID,Information Technology,Power,False,0.13380369589524782
BAJAJ-AUTO,CIPLA,Automobile,Healthcare,False,0.13209826354643778
BSE,HCLTECH,Financial Services,Information Technology,False,0.13029297870313547
NESTLEIND,INFY,FMCG,Information Technology,False,0.12929966031871107
AXISBANK,CIPLA,Financial Services,Healthcare,False,0.1291510553278523
ASIANPAINT,HINDALCO,Consumer Durables,Metals & Mining,False,0.12866344858300838
ITC,MAXHEALTH,FMCG,Healthcare,False,0.12854618723504266
KOTAKBANK,ONGC,Financial Services,"Oil, Gas & Fuels",False,0.12826654338228635
HINDUNILVR,MAXHEALTH,FMCG,Healthcare,False,0.12775958388865608
HDFCLIFE,ONGC,Financial Services,"Oil, Gas & Fuels",False,0.1273944914482457
EICHERMOT,CIPLA,Automobile,Healthcare,False,0.1272086322427382
ETERNAL,HINDUNILVR,Consumer Services,FMCG,False,0.12700027881467615
TITAN,MAXHEALTH,Consumer Durables,Healthcare,False,0.12628248844727596
LT,MAXHEALTH,Construction,Healthcare,False,0.12361015342581626
HINDUNILVR,TECHM,FMCG,Information Technology,False,0.12336900111275884
INFY,ONGC,Information Technology,"Oil, Gas & Fuels",False,0.12315716030566816
HDFCBANK,CIPLA,Financial Services,Healthcare,False,0.12312143138058118
TCS,ONGC,Information Technology,"Oil, Gas & Fuels",False,0.12279944954740643
TITAN,ONGC,Consumer Durables,"Oil, Gas & Fuels",False,0.12205485086091529
BAJFINANCE,ONGC,Financial Services,"Oil, Gas & Fuels",False,0.12033538186660901
HINDUNILVR,CIPLA,FMCG,Healthcare,False,0.12025320458251251
CIPLA,INDIGO,Healthcare,Services,False,0.11932209289829501
BSE,DRREDDY,Financial Services,Healthcare,False,0.11907988672978236
BSE,INFY,Financial Services,Information Technology,False,0.11874551188413268
INFY,COALINDIA,Information Technology,"Oil, Gas & Fuels",False,0.11830627504456294
NESTLEIND,BSE,FMCG,Financial Services,False,0.11774763208526043
HDFCBANK,ONGC,Financial Services,"Oil, Gas & Fuels",False,0.11773186838405596
TATACONSUM,CIPLA,FMCG,Healthcare,False,0.11710381834517848
SUNPHARMA,ONGC,Healthcare,"Oil, Gas & Fuels",False,0.11584673237287686
MAXHEALTH,POWERGRID,Healthcare,Power,False,0.1153215651511389
HINDUNILVR,JIOFIN,FMCG,Financial Services,False,0.1150694274273722
APOLLOHOSP,ONGC,Healthcare,"Oil, Gas & Fuels",False,0.11479332328434001
CIPLA,COALINDIA,Healthcare,"Oil, Gas & Fuels",False,0.11471594141455851
DRREDDY,ONGC,Healthcare,"Oil, Gas & Fuels",False,0.11438623162306219
SBIN,CIPLA,Financial Services,Healthcare,False,0.11123741934634947
BSE,TCS,Financial Services,Information Technology,False,0.1102714596511687
CIPLA,TCS,Healthcare,Information Technology,False,0.10978605245112527
MARUTI,CIPLA,Automobile,Healthcare,False,0.1097286792508149
HINDUNILVR,TATASTEEL,FMCG,Metals & Mining,False,0.10949376514531371
AXISBANK,SUNPHARMA,Financial Services,Healthcare,False,0.10917545734410414
INFY,NTPC,Information Technology,Power,False,0.1088903371876162
CIPLA,HCLTECH,Healthcare,Information Technology,False,0.10793895763961593
MAXHEALTH,HCLTECH,Healthcare,Information Technology,False,0.10790085982596706
HINDUNILVR,POWERGRID,FMCG,Power,False,0.10762845076286487
TCS,POWERGRID,Information Technology,Power,False,0.10707851515899403
SBIN,MAXHEALTH,Financial Services,Healthcare,False,0.10675310199120094
CIPLA,INFY,Healthcare,Information Technology,False,0.105839430766614
HINDUNILVR,BSE,FMCG,Financial Services,False,0.10522495846185843
ICICIBANK,CIPLA,Financial Services,Healthcare,False,0.10433847305302793
TCS,NTPC,Information Technology,Power,False,0.10402806992466636
BAJFINANCE,CIPLA,Financial Services,Healthcare,False,0.10205347966206112
KOTAKBANK,DRREDDY,Financial Services,Healthcare,False,0.10188062209731272
ETERNAL,ONGC,Consumer Services,"Oil, Gas & Fuels",False,0.10183768121737834
BSE,CIPLA,Financial Services,Healthcare,False,0.09953729295863221
KOTAKBANK,CIPLA,Financial Services,Healthcare,False,0.0991658021776665
HINDUNILVR,NTPC,FMCG,Power,False,0.09873513583161249
MAXHEALTH,INFY,Healthcare,Information Technology,False,0.09673399522423855
HINDUNILVR,ADANIENT,FMCG,Metals & Mining,False,0.09551218343663191
INFY,POWERGRID,Information Technology,Power,False,0.09482634194830765
BEL,HINDUNILVR,Capital Goods,FMCG,False,0.09459077749231942
MAXHEALTH,TCS,Healthcare,Information Technology,False,0.09444646608736341
NESTLEIND,COALINDIA,FMCG,"Oil, Gas & Fuels",False,0.09417365165590366
MARUTI,ONGC,Automobile,"Oil, Gas & Fuels",False,0.09377201322679597
CIPLA,TECHM,Healthcare,Information Technology,False,0.09341716180574651
HINDUNILVR,HINDALCO,FMCG,Metals & Mining,False,0.09121155195307062
MAXHEALTH,HINDALCO,Healthcare,Metals & Mining,False,0.08925196473867746
ETERNAL,CIPLA,Consumer Services,Healthcare,False,0.08873626852893807
TATACONSUM,ONGC,FMCG,"Oil, Gas & Fuels",False,0.08572221389806049
CIPLA,ONGC,Healthcare,"Oil, Gas & Fuels",False,0.08093222510556003
MAXHEALTH,COALINDIA,Healthcare,"Oil, Gas & Fuels",False,0.07795138705462601
ONGC,INDIGO,"Oil, Gas & Fuels",Services,False,0.07034964171236144
ASIANPAINT,COALINDIA,Consumer Durables,"Oil, Gas & Fuels",False,0.06772417817842527
NESTLEIND,ONGC,FMCG,"Oil, Gas & Fuels",False,0.056294155569653864
MAXHEALTH,ONGC,Healthcare,"Oil, Gas & Fuels",False,0.04452398729593715
HINDUNILVR,COALINDIA,FMCG,"Oil, Gas & Fuels",False,0.02966213273392967
ASIANPAINT,ONGC,Consumer Durables,"Oil, Gas & Fuels",False,-0.019320937329623186
HINDUNILVR,ONGC,FMCG,"Oil, Gas & Fuels",False,-0.023641759677606254
