,BAJAJ-AUTO,EICHERMOT,M&M,MARUTI,TMPV,BEL,LT,GRASIM,ULTRACEMCO,ASIANPAINT,TITAN,ETERNAL,TRENT,HINDUNILVR,ITC,NESTLEIND,TATACONSUM,AXISBANK,BAJAJFINSV,BAJFINANCE,BSE,HDFCBANK,HDFCLIFE,ICICIBANK,JIOFIN,KOTAKBANK,SBILIFE,SBIN,SHRIRAMFIN,APOLLOHOSP,CIPLA,DRREDDY,MAXHEALTH,SUNPHARMA,HCLTECH,INFY,TCS,TECHM,ADANIENT,HINDALCO,JSWSTEEL,TATASTEEL,COALINDIA,ONGC,RELIANCE,NTPC,POWERGRID,ADANIPORTS,INDIGO,BHARTIARTL
BAJAJ-AUTO,1.0,0.42440462070051715,0.40777719118488853,0.4189970233365015,0.3678854549300964,0.2312932362157296,0.28540910968355976,0.3017828609025212,0.29718560821552226,0.2445014288656474,0.3117162157547469,0.1747985869467763,0.23503358346176395,0.2225366681124503,0.19229652551648357,0.2755404719282685,0.2636661435910314,0.265473878594642,0.28233166558577183,0.25494507742070627,0.20158326286631034,0.2500332323181298,0.24862076574507658,0.22818683169089413,0.27561030030824846,0.2319343580502447,0.2542741836309743,0.25693583643211126,0.31040271713971707,0.2200852433873972,0.13209826354643778,0.1860321931076783,0.15451584752234393,0.21911821559643885,0.1976256414466046,0.13761137225500122,0.1582295813634266,0.1580773991244594,0.2078563369533322,0.2414524767893996,0.2936868583503353,0.28890306686108225,0.17590653619696758,0.17792509933570144,0.2898642989224086,0.25203700025648873,0.19872851280831008,0.2438386560499568,0.2647201067314877,0.2760151255193733
EICHERMOT,0.42440462070051715,1.0,0.4740010516818373,0.5054129572984205,0.3993354777755676,0.28751930878375465,0.3675226460174361,0.4012567534166388,0.37403660249063414,0.3238324044988552,0.34818881536738233,0.23542489978478956,0.2987001425838278,0.2892051177217471,0.25945580832431325,0.24986102728894563,0.3069617913138373,0.34944431251434255,0.3447213030842193,0.33114740589188896,0.2481165667734877,0.32407899695030784,0.26860602249301047,0.352152794828711,0.34374119960997385,0.3281298367398128,0.3204072327826045,0.3769853650879994,0.3460874247284734,0.24833180318672773,0.1272086322427382,0.1963111666554586,0.20633178892468304,0.2049401910876655,0.18245097992333797,0.16449998558549758,0.17894317351006633,0.18667993264414784,0.287339438503745,0.24844242936572938,0.34351962451806084,0.3034121826318433,0.19348064315913016,0.13423614965441574,0.34198711019941275,0.25080107936232776,0.19620271202903933,0.3097248432759788,0.3128024696503349,0.3027641385837588
M&M,0.40777719118488853,0.4740010516818373,1.0,0.4843518667361581,0.48925697953697517,0.33650930413246954,0.3759602699191899,0.38616525240797506,0.4220042515124028,0.27403158955555856,0.37049009784024484,0.28335331367308103,0.3115094740013565,0.25344279824768284,0.25591390763733307,0.2663042274051427,0.2880206894269298,0.32976212579463765,0.41335448373947464,0.39389201243101807,0.24130618035932563,0.3518817555302635,0.30179536960021225,0.36107942739955473,0.3249156974120136,0.32264859315423633,0.3183857325410167,0.3606551171442344,0.38772230260005613,0.26657422595764196,0.16543945445898056,0.22984756417099694,0.2269385037780979,0.24784328818841933,0.21033234532358258,0.2429252169052406,0.22945647170937938,0.22827390117359556,0.30282653263723325,0.23949188069860627,0.3540121757505048,0.32193770405791117,0.20065422192277046,0.16061226448850094,0.3664248188619094,0.2883114939046026,0.2446315103290815,0.3546353922706975,0.382865910215521,0.3059808865554259
MARUTI,0.4189970233365015,0.5054129572984205,0.4843518667361581,1.0,0.4273104953318148,0.22300071009598751,0.3603534271711525,0.34643832309996214,0.35471269488890944,0.34280768856889027,0.3614648044449664,0.21535839586021482,0.23901124323440218,0.28864070234581174,0.22744358622600047,0.26011286670684225,0.2851553747624875,0.35396504970844633,0.36712721650134006,0.3738056189658616,0.20993539867169783,0.301766506415709,0.2606074429302881,0.3187919432661293,0.2801087040140063,0.3080890202789288,0.30158512601966214,0.3600345515334357,0.3354938049757937,0.20997509374892862,0.1097286792508149,0.1420556147586517,0.16583938123929226,0.19564419164963834,0.17146506710903647,0.14223155434695034,0.18078122266071062,0.1687350571608069,0.25304337543646926,0.21698137290279074,0.2935314768792824,0.2648420596724512,0.1631695905988177,0.09377201322679597,0.31466092218616587,0.25140752538113154,0.18754397474293172,0.2984518529959018,0.37320512958143465,0.2763639143012031
TMPV,0.3678854549300964,0.3993354777755676,0.48925697953697517,0.4273104953318148,1.0,0.3605959105255858,0.43041129452275717,0.3983152365285078,0.4009685038833537,0.23500460720760963,0.39044548504853066,0.26251263096961935,0.3045931212521696,0.20046912144444673,0.2904026967492044,0.18073853224584227,0.3147345749789943,0.3257614095040273,0.38078525440851424,0.34443288812613193,0.297700674467537,0.30537296438352374,0.30386598408588505,0.30425770046744477,0.4199123899863255,0.33507595041723853,0.3086960482577899,0.3934934341498549,0.4068180194205887,0.24935885560085266,0.14758550920215363,0.2197403476275812,0.1768530128445005,0.2689113554738328,0.2449888576503658,0.23204055802135076,0.252471246274637,0.274765424430634,0.3179781738621477,0.35299574518149274,0.40480941790955427,0.44808770082296745,0.2979152975514268,0.23444264195029466,0.38617720288350765,0.3518338378886847,0.2861458463414155,0.3615210950524602,0.37791675709911404,0.25305535174014465
BEL,0.2312932362157296,0.28751930878375465,0.33650930413246954,0.22300071009598751,0.3605959105255858,1.0,0.44135660636835206,0.34633198432095097,0.33198774621324856,0.1776442174084713,0.28122347041922935,0.252258602593492,0.2782661325889793,0.09459077749231942,0.2481570459949255,0.154392107597902,0.23546504046091182,0.29334546217613267,0.2878376603190867,0.27022237315078346,0.2739354702937761,0.2458621622373065,0.28416480373776076,0.28373266992205276,0.39401423494648063,0.2589214958249356,0.26833932618835066,0.46388386699672157,0.3630494532313055,0.23840703623752604,0.17575208878780518,0.17346693222390078,0.14266530664477978,0.18752295667817317,0.1642098476100791,0.14012751854503497,0.13897248027832282,0.1965415222779892,0.3622147730618325,0.3791677174706522,0.38936835567416056,0.4238143428617888,0.45496020761932593,0.35558060028270316,0.35754886575608025,0.4509266419585517,0.37557953454059,0.46091654407932614,0.32508619906804326,0.23730469855290004
LT,0.28540910968355976,0.3675226460174361,0.3759602699191899,0.3603534271711525,0.43041129452275717,0.44135660636835206,1.0,0.44727151408801874,0.45686032416056505,0.31179757095333027,0.35974286021980617,0.24864201346255582,0.2773152049699472,0.1833626634381746,0.2602080372292272,0.20042091804470036,0.27886225244738655,0.4022882230228532,0.39238716998041595,0.3797037858311317,0.27118385697723013,0.412332752351353,0.33173856040493993,0.41131201277045926,0.43008298003667816,0.3444393162019785,0.35544040589969783,0.4636286208265793,0.44733492925833673,0.24952693871785792,0.18812799272071043,0.23658556693346078,0.12361015342581626,0.2502189765252206,0.3034581023482407,0.3021656539255056,0.30074340671399336,0.30008163198661386,0.33159468779313567,0.3646695186666206,0.43329409177498857,0.44648059310740257,0.3342327732366944,0.2487391370817058,0.43120862329975157,0.4078913279427431,0.32767974699513214,0.4309559844413352,0.37841854045558376,0.29157811467378614
GRASIM,0.3017828609025212,0.4012567534166388,0.38616525240797506,0.34643832309996214,0.3983152365285078,0.34633198432095097,0.44727151408801874,1.0,0.6366319908338615,0.3562444872938784,0.37996251070448117,0.2648634181214273,0.29887980580115475,0.25236283327104986,0.30452722238791563,0.3066194899573764,0.37062422944351275,0.401763447974171,0.4457780907133029,0.41281599920152445,0.23483511498220555,0.39153022891421424,0.35418841813777874,0.4216864203147335,0.3462673213167866,0.3548274730594891,0.3548723926460706,0.4558567571772406,0.3965562486439404,0.29614932617574136,0.1788663874375583,0.2297564361728077,0.15815728461427217,0.2848474314246665,0.23099622645438364,0.2444301390549514,0.24270962530063728,0.25230549115075274,0.3461202034321722,0.41517344856430183,0.5195767517879343,0.46307066656942364,0.2857464070700221,0.19975694481228706,0.38338264552636825,0.36463128609556017,0.3082997144026547,0.40948176208670933,0.39027190761079555,0.31222074424068974
ULTRACEMCO,0.29718560821552226,0.37403660249063414,0.4220042515124028,0.35471269488890944,0.4009685038833537,0.33198774621324856,0.45686032416056505,0.6366319908338615,1.0,0.3766870212784097,0.35705883881686534,0.2452641698321303,0.29494306837110335,0.271860933094199,0.26193349324776144,0.30280566104771506,0.32229555253267866,0.3769171283828641,0.42626942152013536,0.4125207237677309,0.2028465685075677,0.3939924151680444,0.3490112815792125,0.4107173311048348,0.35530159170294284,0.34459475608094914,0.3491866754020849,0.4083502783854125,0.4000592792172826,0.27285867381605694,0.1816016774991981,0.23379816155495828,0.19842967783454832,0.24908356067888185,0.22682638728795135,0.21904420461612023,0.23419834400393222,0.23091207152410617,0.3064844955494678,0.2860807741668747,0.4375308869598468,0.40312171966690585,0.20473622063070263,0.13726910191920497,0.35739299365707705,0.32062098853257104,0.2641183602177771,0.3850027947691864,0.41669369211219665,0.2796611532506708
ASIANPAINT,0.2445014288656474,0.3238324044988552,0.27403158955555856,0.34280768856889027,0.23500460720760963,0.1776442174084713,0.31179757095333027,0.3562444872938784,0.3766870212784097,1.0,0.3487678686298627,0.177772079454971,0.261883087215259,0.3804017101176966,0.23005509884960226,0.34653246089433554,0.33601551822739817,0.20799211586713423,0.35222126068747517,0.33764075504639235,0.14136588388919757,0.2685073331231311,0.24914680695929753,0.2664556063798493,0.28588072797791053,0.23395172486634636,0.2667518197918646,0.24202616884919595,0.25629192053738925,0.25064257986860966,0.14993524027603733,0.17842467865612688,0.1661833824588658,0.2225227673710395,0.18012344989031184,0.17358459672275398,0.23159067257966504,0.1684499878152677,0.24110603961540225,0.12866344858300838,0.2250359821175894,0.18487127071591372,0.06772417817842527,-0.019320937329623186,0.2759028515540354,0.1613780917237824,0.13510608664941695,0.27595413785399314,0.3319243874368075,0.20136901305644248
TITAN,0.3117162157547469,0.34818881536738233,0.37049009784024484,0.3614648044449664,0.39044548504853066,0.28122347041922935,0.35974286021980617,0.37996251070448117,0.35705883881686534,0.3487678686298627,1.0,0.290780629094759,0.32033186529731206,0.2708594488194319,0.29307202064731014,0.293854404120889,0.33689153194078514,0.27338219149105836,0.4075731278960133,0.38551573501180086,0.21914404247026062,0.28807977353012193,0.28012125708727487,0.27869956653712874,0.2809089443069217,0.2833652603120497,0.33022583333405126,0.31041364495505575,0.33188470199073017,0.2676096865255689,0.15200271032440846,0.17475529143529756,0.12628248844727596,0.255378310905221,0.235800800476782,0.2332577741228159,0.23786333151702654,0.228396597725684,0.27142037785412326,0.27422516878043257,0.3419862433237342,0.32237039427493874,0.21914938375137255,0.12205485086091529,0.3282820438044321,0.26231613579695257,0.2094303488225623,0.3377056242154232,0.2962595079826077,0.27838999941078196
ETERNAL,0.1747985869467763,0.23542489978478956,0.28335331367308103,0.21535839586021482,0.26251263096961935,0.252258602593492,0.24864201346255582,0.2648634181214273,0.2452641698321303,0.177772079454971,0.290780629094759,1.0,0.24032266661464466,0.12700027881467615,0.18105646227069166,0.1791128826012405,0.2056621168541949,0.21030131585653847,0.2689917663691835,0.28641349144630035,0.270534522548783,0.28136793657857484,0.26947544421649194,0.22317953244675287,0.33632221467450624,0.2027539711826643,0.24769434552105968,0.2536679909287329,0.24925034856761727,0.24268013612124226,0.08873626852893807,0.16442949839937274,0.16316777596213025,0.1899332835455061,0.16446830112574634,0.19554497754826897,0.1954155422250658,0.2193212977069956,0.26933940283824204,0.22699594856982622,0.23654411434652903,0.25922663161508885,0.1937046654588439,0.10183768121737834,0.2697838711551961,0.16856782913845236,0.17756575762221055,0.2999775630827909,0.29870464365200244,0.1836127740346139
TRENT,0.23503358346176395,0.2987001425838278,0.3115094740013565,0.23901124323440218,0.3045931212521696,0.2782661325889793,0.2773152049699472,0.29887980580115475,0.29494306837110335,0.261883087215259,0.32033186529731206,0.24032266661464466,1.0,0.1644297078554915,0.31294400634772496,0.1982937325080287,0.2645326679350214,0.2349656375802997,0.2986368426808704,0.30937485795284225,0.24011699278577675,0.22260852164388648,0.19702337857393026,0.2323696731797749,0.22872315754800926,0.17007637174993726,0.20167799723370453,0.29174666055318504,0.2510307061606104,0.16984368321340143,0.13638829862224286,0.16624790288264726,0.1556364053727672,0.19011424980919353,0.16826856543567936,0.14837620867848056,0.1448633277745677,0.174189861101208,0.24276524018627127,0.272745359402714,0.30153286040477595,0.3058589967049991,0.2336606749056262,0.1544132697143769,0.2896342200416591,0.20106043288827832,0.19283773669126744,0.2786926668795243,0.3104044283425825,0.2176799130197699
HINDUNILVR,0.2225366681124503,0.2892051177217471,0.25344279824768284,0.28864070234581174,0.20046912144444673,0.09459077749231942,0.1833626634381746,0.25236283327104986,0.271860933094199,0.3804017101176966,0.2708594488194319,0.12700027881467615,0.1644297078554915,1.0,0.3529560559875932,0.474811142242243,0.42644970563618273,0.23261302616635343,0.21408237450156972,0.2206717485242837,0.10522495846185843,0.2307235393528952,0.23894028800034678,0.20316009783255204,0.1150694274273722,0.26184990747551323,0.268464124662642,0.15211497785005,0.16586912346587715,0.1911380627387298,0.12025320458251251,0.14342182452275892,0.12775958388865608,0.1566929490362694,0.19113125879770593,0.19667504897617022,0.20089188289849802,0.12336900111275884,0.09551218343663191,0.09121155195307062,0.16651768943752074,0.10949376514531371,0.02966213273392967,-0.023641759677606254,0.21428321071281242,0.09873513583161249,0.10762845076286487,0.14906743431029754,0.24202890871601496,0.16406161461739763
ITC,0.19229652551648357,0.25945580832431325,0.25591390763733307,0.22744358622600047,0.2904026967492044,0.2481570459949255,0.2602080372292272,0.30452722238791563,0.26193349324776144,0.23005509884960226,0.29307202064731014,0.18105646227069166,0.31294400634772496,0.3529560559875932,1.0,0.2888559496709558,0.3320711726513733,0.22867130017125656,0.24856373207304655,0.269532604510343,0.15746870115546466,0.23048589908327655,0.19020093822766518,0.2547010370695927,0.1676692123292647,0.28881675401944734,0.20483989372528352,0.2759038921352687,0.21369154993204162,0.16817210588406778,0.1510226201382435,0.1934415578819828,0.12854618723504266,0.21271157267541993,0.19991940090713545,0.1855311319905882,0.17705496129704837,0.19293861895523476,0.18601576415461823,0.20612511920629717,0.31529847619148804,0.27286628887958064,0.22646327318001358,0.13988227896744596,0.31330586367920954,0.22010764027951946,0.16604425667559966,0.2610712412430959,0.2534255703698519,0.24346009634138643
NESTLEIND,0.2755404719282685,0.24986102728894563,0.2663042274051427,0.26011286670684225,0.18073853224584227,0.154392107597902,0.20042091804470036,0.3066194899573764,0.30280566104771506,0.34653246089433554,0.293854404120889,0.1791128826012405,0.1982937325080287,0.474811142242243,0.2888559496709558,1.0,0.4150807076133669,0.21333658919436468,0.2751498791508718,0.26707988721503634,0.11774763208526043,0.18246454076186663,0.23629227796051902,0.17958518775992127,0.1619525349348911,0.20746193759058634,0.25622559712705456,0.17018942448007826,0.16529390133878616,0.24583532838333633,0.14321700738989734,0.1744722488803023,0.16481705628855176,0.1897420790936141,0.16194701577476828,0.12929966031871107,0.1868342535422274,0.1356376310525611,0.14470396516823616,0.15450660033320618,0.21815563552953465,0.16088418801961057,0.09417365165590366,0.056294155569653864,0.2469604580436493,0.1358046956244456,0.17779301018986013,0.17162186310720323,0.20980652620548082,0.17524572902340377
TATACONSUM,0.2636661435910314,0.3069617913138373,0.2880206894269298,0.2851553747624875,0.3147345749789943,0.23546504046091182,0.27886225244738655,0.37062422944351275,0.32229555253267866,0.33601551822739817,0.33689153194078514,0.2056621168541949,0.2645326679350214,0.42644970563618273,0.3320711726513733,0.4150807076133669,1.0,0.22610657622464908,0.3134346705391764,0.28568768727943517,0.19055739088619905,0.2488180783163574,0.28175836456451203,0.24514158175794976,0.1913361479863554,0.2531890851133845,0.26044336565027454,0.23099574631816544,0.25255246030229983,0.24266133753185326,0.11710381834517848,0.15871329185415034,0.13992420986431414,0.22714775702226106,0.22325975713135682,0.26067385624050016,0.26498235040866125,0.2347572197764012,0.22510346494321082,0.19171309377943407,0.27691788417858193,0.2349150275037205,0.16976505859226157,0.08572221389806049,0.2791695034217323,0.22280149523930362,0.17733334410306248,0.2564319596498324,0.28318198501820524,0.2577688674200384
AXISBANK,0.265473878594642,0.34944431251434255,0.32976212579463765,0.35396504970844633,0.3257614095040273,0.29334546217613267,0.4022882230228532,0.401763447974171,0.3769171283828641,0.20799211586713423,0.27338219149105836,0.21030131585653847,0.2349656375802997,0.23261302616635343,0.22867130017125656,0.21333658919436468,0.22610657622464908,1.0,0.44045633946952356,0.4169749465910268,0.21360880472625948,0.44805287202070876,0.33443150149643625,0.5751578121892257,0.3790718835048712,0.40753350911269626,0.2970663158171181,0.5336562154794825,0.43968036279343625,0.19273442648496275,0.1291510553278523,0.15145683095802556,0.14862730078081687,0.10917545734410414,0.16762383237737147,0.17557081268379446,0.181733548234827,0.17253616969848867,0.2721707088974581,0.2555490243049591,0.3651632462447745,0.3483759565125951,0.26052903856904236,0.18404345593774915,0.35429194839510425,0.3124721754305653,0.21451706052903532,0.34802685118407073,0.34940374206232083,0.23830963026048912
BAJAJFINSV,0.28233166558577183,0.3447213030842193,0.41335448373947464,0.36712721650134006,0.38078525440851424,0.2878376603190867,0.39238716998041595,0.4457780907133029,0.42626942152013536,0.35222126068747517,0.4075731278960133,0.2689917663691835,0.2986368426808704,0.21408237450156972,0.24856373207304655,0.2751498791508718,0.3134346705391764,0.44045633946952356,1.0,0.7910625483663967,0.25166947016254976,0.40863019457632227,0.37574600507651096,0.42342452757959487,0.3550820867033811,0.39818287965763915,0.41349369026560234,0.44365247553200376,0.4577928225372606,0.2692600388314907,0.1375008529522153,0.16125155708823646,0.15316362561491287,0.2266208158222469,0.26165302393014667,0.28978310138820657,0.27911305566739103,0.27931859661626973,0.3406536654790172,0.2988990501818322,0.3734121143047792,0.3812889094047989,0.24803971577834608,0.13787766933237794,0.4064124329623666,0.3145299930646473,0.229670832596717,0.39056533431355656,0.35767053345369737,0.2521998450148298
BAJFINANCE,0.25494507742070627,0.33114740589188896,0.39389201243101807,0.3738056189658616,0.34443288812613193,0.27022237315078346,0.3797037858311317,0.41281599920152445,0.4125207237677309,0.33764075504639235,0.38551573501180086,0.28641349144630035,0.30937485795284225,0.2206717485242837,0.269532604510343,0.26707988721503634,0.28568768727943517,0.4169749465910268,0.7910625483663967,1.0,0.23808187481309578,0.430878064699395,0.3222913404511227,0.4190746618660101,0.33230427451945616,0.4119566213124275,0.34065069283419414,0.4247770122114921,0.45884876833112,0.2843056947976197,0.10205347966206112,0.14575069889462886,0.1596504705082804,0.18908476444931888,0.21685958470344788,0.25090777230935146,0.23120304457838423,0.23857340395159668,0.32222017833230654,0.2517447334727326,0.3587050984804528,0.3402070823493564,0.21248896432211578,0.12033538186660901,0.3753813946501111,0.2839027232624338,0.18579490530454223,0.3806652535008334,0.3550166654668808,0.2705209351675803
BSE,0.20158326286631034,0.2481165667734877,0.24130618035932563,0.20993539867169783,0.297700674467537,0.2739354702937761,0.27118385697723013,0.23483511498220555,0.2028465685075677,0.14136588388919757,0.21914404247026062,0.270534522548783,0.24011699278577675,0.10522495846185843,0.15746870115546466,0.11774763208526043,0.19055739088619905,0.21360880472625948,0.25166947016254976,0.23808187481309578,1.0,0.23802463759102616,0.21715948149801054,0.19399543067967298,0.3081911988327725,0.19490841391355715,0.21739512006992673,0.2804263078538345,0.2619046587819876,0.18819960580246184,0.09953729295863221,0.11907988672978236,0.13455249523601304,0.1458048458956504,0.13029297870313547,0.11874551188413268,0.1102714596511687,0.1670549485437776,0.2541351080209786,0.25604517465769644,0.2641211840668693,0.3002847223250199,0.28992905529137075,0.20470617475847344,0.23204312311240646,0.25039535308290123,0.18202290021516582,0.2777555032543241,0.27884522591427474,0.15953431725705755
HDFCBANK,0.2500332323181298,0.32407899695030784,0.3518817555302635,0.301766506415709,0.30537296438352374,0.2458621622373065,0.412332752351353,0.39153022891421424,0.3939924151680444,0.2685073331231311,0.28807977353012193,0.28136793657857484,0.22260852164388648,0.2307235393528952,0.23048589908327655,0.18246454076186663,0.2488180783163574,0.44805287202070876,0.40863019457632227,0.430878064699395,0.23802463759102616,1.0,0.34007966296311926,0.4879306964918366,0.3625531608644061,0.46938233197094215,0.3000470362015975,0.408627221538461,0.3809537811858496,0.20510276493576668,0.12312143138058118,0.19401150895426328,0.14586251512502402,0.16749138094761842,0.23284409691357272,0.2559367118673771,0.22924604734125575,0.24658127643740158,0.2893969484943312,0.267358590042143,0.3493664069019062,0.31585893006051896,0.1794891409633331,0.11773186838405596,0.3686012946174669,0.2538061832117265,0.2163716574461929,0.35720545127117503,0.33306542086683527,0.28588708415326736
HDFCLIFE,0.24862076574507658,0.26860602249301047,0.30179536960021225,0.2606074429302881,0.30386598408588505,0.28416480373776076,0.33173856040493993,0.35418841813777874,0.3490112815792125,0.24914680695929753,0.28012125708727487,0.26947544421649194,0.19702337857393026,0.23894028800034678,0.19020093822766518,0.23629227796051902,0.28175836456451203,0.33443150149643625,0.37574600507651096,0.3222913404511227,0.21715948149801054,0.34007966296311926,1.0,0.2997813773522694,0.30915356752834744,0.3073800605893391,0.6146623953817275,0.30973582446959713,0.3251290927879742,0.21209250020889162,0.14719739758751174,0.1755643558540617,0.19241312032268504,0.22313159270031196,0.21369491201657007,0.1910939394491008,0.20515934466721078,0.21628241091824882,0.3072730335253959,0.2458507221582823,0.29192851195466846,0.30381144096564777,0.195920324435524,0.1273944914482457,0.29025372130103994,0.22992394113660497,0.1515402204258771,0.32566877320595305,0.3090816916618933,0.24437270006278963
ICICIBANK,0.22818683169089413,0.352152794828711,0.36107942739955473,0.3187919432661293,0.30425770046744477,0.28373266992205276,0.41131201277045926,0.4216864203147335,0.4107173311048348,0.2664556063798493,0.27869956653712874,0.22317953244675287,0.2323696731797749,0.20316009783255204,0.2547010370695927,0.17958518775992127,0.24514158175794976,0.5751578121892257,0.42342452757959487,0.4190746618660101,0.19399543067967298,0.4879306964918366,0.2997813773522694,1.0,0.3325953993141264,0.45684896970129846,0.2887610708153851,0.5115411690658072,0.4095426735755796,0.23532157993992495,0.10433847305302793,0.14499762105885977,0.16691209792353803,0.21184486264602687,0.18595017325017107,0.22327227452954954,0.20892816680469728,0.2175709303199953,0.29180588829395887,0.26035725553200195,0.3829778256730833,0.3430954956860015,0.20448519889555183,0.15113573929070878,0.34586607337858427,0.2955826181183774,0.22987671566279536,0.3632723480112859,0.363586356121722,0.3140002536367844
JIOFIN,0.27561030030824846,0.34374119960997385,0.3249156974120136,0.2801087040140063,0.4199123899863255,0.39401423494648063,0.43008298003667816,0.3462673213167866,0.35530159170294284,0.28588072797791053,0.2809089443069217,0.33632221467450624,0.22872315754800926,0.1150694274273722,0.1676692123292647,0.1619525349348911,0.1913361479863554,0.3790718835048712,0.3550820867033811,0.33230427451945616,0.3081911988327725,0.3625531608644061,0.30915356752834744,0.3325953993141264,1.0,0.2891654654869793,0.31272746454896494,0.3894460168008249,0.42916084238634106,0.24287995840132506,0.2528308979166048,0.17521939678960288,0.2049382448760334,0.2571706039594353,0.1712039485088483,0.1400248042102303,0.16409737813285358,0.18329718441052842,0.4446646368499762,0.3049339564561145,0.34566683521546404,0.42825829534845666,0.33853831863143297,0.2831036576980087,0.45484567038878215,0.37914600764084777,0.32879923710061043,0.46823375732397715,0.41545960062372017,0.17140016534605
KOTAKBANK,0.2319343580502447,0.3281298367398128,0.32264859315423633,0.3080890202789288,0.33507595041723853,0.2589214958249356,0.3444393162019785,0.3548274730594891,0.34459475608094914,0.23395172486634636,0.2833652603120497,0.2027539711826643,0.17007637174993726,0.26184990747551323,0.28881675401944734,0.20746193759058634,0.2531890851133845,0.40753350911269626,0.39818287965763915,0.4119566213124275,0.19490841391355715,0.46938233197094215,0.3073800605893391,0.45684896970129846,0.2891654654869793,1.0,0.30476988673068967,0.3815580872302539,0.3356307694686556,0.19082199463646934,0.0991658021776665,0.10188062209731272,0.14537476430182916,0.19289290954684746,0.19839511286312778,0.1830076158170726,0.1840437322831572,0.21647214127514636,0.2376524768994186,0.20044470992665023,0.3252876818823712,0.26528607481417293,0.1785844524144265,0.12826654338228635,0.3354444013384862,0.24796728802289844,0.2085468889714411,0.2821898092841541,0.2990240053981872,0.30141395585256764
SBILIFE,0.2542741836309743,0.3204072327826045,0.3183857325410167,0.30158512601966214,0.3086960482577899,0.26833932618835066,0.35544040589969783,0.3548723926460706,0.3491866754020849,0.2667518197918646,0.33022583333405126,0.24769434552105968,0.20167799723370453,0.268464124662642,0.20483989372528352,0.25622559712705456,0.26044336565027454,0.2970663158171181,0.41349369026560234,0.34065069283419414,0.21739512006992673,0.3000470362015975,0.6146623953817275,0.2887610708153851,0.31272746454896494,0.30476988673068967,1.0,0.34113156910536097,0.28188047224070456,0.21474752760996785,0.17803425747435214,0.18294349927794737,0.15332485532294673,0.24752042233446342,0.239941544846672,0.23679988644861275,0.2405401434801594,0.24195420355201466,0.2930505096107679,0.27390710854186384,0.3202401108054077,0.3256523266339451,0.2379137445769449,0.18986553788004137,0.3398155110383646,0.2755505470554587,0.21388989021800356,0.3414573326447411,0.2683751256116264,0.2651418045456797
SBIN,0.25693583643211126,0.3769853650879994,0.3606551171442344,0.3600345515334357,0.3934934341498549,0.46388386699672157,0.4636286208265793,0.4558567571772406,0.4083502783854125,0.24202616884919595,0.31041364495505575,0.2536679909287329,0.29174666055318504,0.15211497785005,0.2759038921352687,0.17018942448007826,0.23099574631816544,0.5336562154794825,0.44365247553200376,0.4247770122114921,0.2804263078538345,0.408627221538461,0.30973582446959713,0.5115411690658072,0.3894460168008249,0.3815580872302539,0.34113156910536097,1.0,0.4580944900672047,0.20267293832228625,0.11123741934634947,0.19446013356094877,0.10675310199120094,0.1631588962423295,0.17946979976804298,0.177634725065449,0.19416804894902168,0.20039558592012302,0.4303459601179992,0.32548078251908763,0.4088744685336243,0.412750594750734,0.35650054407848836,0.30479581830890623,0.43290279076390653,0.45147894297989244,0.3318654671502811,0.5007406423347396,0.3897556176263951,0.28594495759447514
SHRIRAMFIN,0.31040271713971707,0.3460874247284734,0.38772230260005613,0.3354938049757937,0.4068180194205887,0.3630494532313055,0.44733492925833673,0.3965562486439404,0.4000592792172826,0.25629192053738925,0.33188470199073017,0.24925034856761727,0.2510307061606104,0.16586912346587715,0.21369154993204162,0.16529390133878616,0.25255246030229983,0.43968036279343625,0.4577928225372606,0.45884876833112,0.2619046587819876,0.3809537811858496,0.3251290927879742,0.4095426735755796,0.42916084238634106,0.3356307694686556,0.28188047224070456,0.4580944900672047,1.0,0.24196397676768375,0.14018575287057217,0.159027803733461,0.17182576353333257,0.19640480020317547,0.16865584444089388,0.17695838924676194,0.15584090079901033,0.18539289334521186,0.3225054575830044,0.278639167773566,0.35846923647193785,0.3501454310619732,0.2763700874284355,0.18308441842257983,0.3217153649348955,0.3568235860642631,0.2626077402237949,0.3793601344846534,0.4048543355889757,0.2519992669284905
APOLLOHOSP,0.2200852433873972,0.24833180318672773,0.26657422595764196,0.20997509374892862,0.24935885560085266,0.23840703623752604,0.24952693871785792,0.29614932617574136,0.27285867381605694,0.25064257986860966,0.2676096865255689,0.24268013612124226,0.16984368321340143,0.1911380627387298,0.16817210588406778,0.24583532838333633,0.24266133753185326,0.19273442648496275,0.2692600388314907,0.2843056947976197,0.18819960580246184,0.20510276493576668,0.21209250020889162,0.23532157993992495,0.24287995840132506,0.19082199463646934,0.21474752760996785,0.20267293832228625,0.24196397676768375,1.0,0.2367679575448486,0.22061414465011187,0.2962024019625956,0.2614527071517602,0.20943162665438061,0.16139091031690148,0.1634230530792191,0.22053075837189828,0.18675403651076627,0.21064857964820302,0.2599670847352387,0.2255292317037865,0.18389043772746383,0.11479332328434001,0.22485352918483412,0.18590488510365172,0.19560259415582928,0.2147815811188977,0.23110771988063872,0.21019063429648896
CIPLA,0.13209826354643778,0.1272086322427382,0.16543945445898056,0.1097286792508149,0.14758550920215363,0.17575208878780518,0.18812799272071043,0.1788663874375583,0.1816016774991981,0.14993524027603733,0.15200271032440846,0.08873626852893807,0.13638829862224286,0.12025320458251251,0.1510226201382435,0.14321700738989734,0.11710381834517848,0.1291510553278523,0.1375008529522153,0.10205347966206112,0.09953729295863221,0.12312143138058118,0.14719739758751174,0.10433847305302793,0.2528308979166048,0.0991658021776665,0.17803425747435214,0.11123741934634947,0.14018575287057217,0.2367679575448486,1.0,0.41393934750826483,0.1704410775728927,0.37184695316817035,0.10793895763961593,0.105839430766614,0.10978605245112527,0.09341716180574651,0.14000132227185957,0.1488555668000878,0.17503120603737063,0.17240500521360916,0.11471594141455851,0.08093222510556003,0.13574655635880709,0.1573737390661015,0.15432350501655406,0.1610099003711666,0.11932209289829501,0.18497495868131253
DRREDDY,0.1860321931076783,0.1963111666554586,0.22984756417099694,0.1420556147586517,0.2197403476275812,0.17346693222390078,0.23658556693346078,0.2297564361728077,0.23379816155495828,0.17842467865612688,0.17475529143529756,0.16442949839937274,0.16624790288264726,0.14342182452275892,0.1934415578819828,0.1744722488803023,0.15871329185415034,0.15145683095802556,0.16125155708823646,0.14575069889462886,0.11907988672978236,0.19401150895426328,0.1755643558540617,0.14499762105885977,0.17521939678960288,0.10188062209731272,0.18294349927794737,0.19446013356094877,0.159027803733461,0.22061414465011187,0.41393934750826483,1.0,0.14328897967321239,0.3543921401460961,0.19971863764255396,0.19351157028896407,0.18321876020149136,0.18130079847668032,0.17500406181857822,0.18115657354600326,0.22001648095753873,0.19979445224838976,0.16007534147868271,0.11438623162306219,0.19634948366758737,0.18075084029407162,0.1416361505428635,0.18944746484637223,0.17390292210331987,0.18793147872760088
MAXHEALTH,0.15451584752234393,0.20633178892468304,0.2269385037780979,0.16583938123929226,0.1768530128445005,0.14266530664477978,0.12361015342581626,0.15815728461427217,0.19842967783454832,0.1661833824588658,0.12628248844727596,0.16316777596213025,0.1556364053727672,0.12775958388865608,0.12854618723504266,0.16481705628855176,0.13992420986431414,0.14862730078081687,0.15316362561491287,0.1596504705082804,0.13455249523601304,0.14586251512502402,0.19241312032268504,0.16691209792353803,0.2049382448760334,0.14537476430182916,0.15332485532294673,0.10675310199120094,0.17182576353333257,0.2962024019625956,0.1704410775728927,0.14328897967321239,1.0,0.21590716045270508,0.10790085982596706,0.09673399522423855,0.09444646608736341,0.1357194769838883,0.1386858714092984,0.08925196473867746,0.1717387705848857,0.13908844188958439,0.07795138705462601,0.04452398729593715,0.1510651045881615,0.14901645849766193,0.1153215651511389,0.15654321352545028,0.186099138466426,0.15660334845981028
SUNPHARMA,0.21911821559643885,0.2049401910876655,0.24784328818841933,0.19564419164963834,0.2689113554738328,0.18752295667817317,0.2502189765252206,0.2848474314246665,0.24908356067888185,0.2225227673710395,0.255378310905221,0.1899332835455061,0.19011424980919353,0.1566929490362694,0.21271157267541993,0.1897420790936141,0.22714775702226106,0.10917545734410414,0.2266208158222469,0.18908476444931888,0.1458048458956504,0.16749138094761842,0.22313159270031196,0.21184486264602687,0.2571706039594353,0.19289290954684746,0.24752042233446342,0.1631588962423295,0.19640480020317547,0.2614527071517602,0.37184695316817035,0.3543921401460961,0.21590716045270508,1.0,0.20124002774462313,0.1980916168223992,0.21545409676795524,0.22261473523290995,0.19025062700586595,0.25472562589124437,0.2496545265193182,0.27022507476648233,0.20393919856976114,0.11584673237287686,0.25894083953716673,0.2233794421507485,0.1955946862700307,0.24025630518626384,0.19672432864841416,0.2389537426057102
HCLTECH,0.1976256414466046,0.18245097992333797,0.21033234532358258,0.17146506710903647,0.2449888576503658,0.1642098476100791,0.3034581023482407,0.23099622645438364,0.22682638728795135,0.18012344989031184,0.235800800476782,0.16446830112574634,0.16826856543567936,0.19113125879770593,0.19991940090713545,0.16194701577476828,0.22325975713135682,0.16762383237737147,0.26165302393014667,0.21685958470344788,0.13029297870313547,0.23284409691357272,0.21369491201657007,0.18595017325017107,0.1712039485088483,0.19839511286312778,0.239941544846672,0.17946979976804298,0.16865584444089388,0.20943162665438061,0.10793895763961593,0.19971863764255396,0.10790085982596706,0.20124002774462313,1.0,0.6945300498021597,0.680506629744756,0.632074376341425,0.14821966018246852,0.2572392253601899,0.27040992204121445,0.26466128898211194,0.19104351122748012,0.15484427346791388,0.26974363977919624,0.14960158203620602,0.13380369589524782,0.19125941326822665,0.17799646398935653,0.2670777475969069
INFY,0.13761137225500122,0.16449998558549758,0.2429252169052406,0.14223155434695034,0.23204055802135076,0.14012751854503497,0.3021656539255056,0.2444301390549514,0.21904420461612023,0.17358459672275398,0.2332577741228159,0.19554497754826897,0.14837620867848056,0.19667504897617022,0.1855311319905882,0.12929966031871107,0.26067385624050016,0.17557081268379446,0.28978310138820657,0.25090777230935146,0.11874551188413268,0.2559367118673771,0.1910939394491008,0.22327227452954954,0.1400248042102303,0.1830076158170726,0.23679988644861275,0.177634725065449,0.17695838924676194,0.16139091031690148,0.105839430766614,0.19351157028896407,0.09673399522423855,0.1980916168223992,0.6945300498021597,1.0,0.7304877192461858,0.6885717333215052,0.14634599815947383,0.24403124700568807,0.25850768395595203,0.22406701050586111,0.11830627504456294,0.12315716030566816,0.2603493288741301,0.1088903371876162,0.09482634194830765,0.18685445719458516,0.1731959081253916,0.24300269238839436
TCS,0.1582295813634266,0.17894317351006633,0.22945647170937938,0.18078122266071062,0.252471246274637,0.13897248027832282,0.30074340671399336,0.24270962530063728,0.23419834400393222,0.23159067257966504,0.23786333151702654,0.1954155422250658,0.1448633277745677,0.20089188289849802,0.17705496129704837,0.1868342535422274,0.26498235040866125,0.181733548234827,0.27911305566739103,0.23120304457838423,0.1102714596511687,0.22924604734125575,0.20515934466721078,0.20892816680469728,0.16409737813285358,0.1840437322831572,0.2405401434801594,0.19416804894902168,0.15584090079901033,0.1634230530792191,0.10978605245112527,0.18321876020149136,0.09444646608736341,0.21545409676795524,0.680506629744756,0.7304877192461858,1.0,0.6477353982676497,0.1493950200906054,0.21524202167853465,0.235661151138846,0.22449317644547775,0.15902500763393615,0.12279944954740643,0.26986635787092134,0.10402806992466636,0.10707851515899403,0.18644302007413596,0.1746831683725125,0.19994758110875038
TECHM,0.1580773991244594,0.18667993264414784,0.22827390117359556,0.1687350571608069,0.274765424430634,0.1965415222779892,0.30008163198661386,0.25230549115075274,0.23091207152410617,0.1684499878152677,0.228396597725684,0.2193212977069956,0.174189861101208,0.12336900111275884,0.19293861895523476,0.1356376310525611,0.2347572197764012,0.17253616969848867,0.27931859661626973,0.23857340395159668,0.1670549485437776,0.24658127643740158,0.21628241091824882,0.2175709303199953,0.18329718441052842,0.21647214127514636,0.24195420355201466,0.20039558592012302,0.18539289334521186,0.22053075837189828,0.09341716180574651,0.18130079847668032,0.1357194769838883,0.22261473523290995,0.632074376341425,0.6885717333215052,0.6477353982676497,1.0,0.1741849355605681,0.25065324944475087,0.2782442701515875,0.26815773303004864,0.1877168016015757,0.17917231418306714,0.2780892849582899,0.15830681868411148,0.13432070863558354,0.211143868124551,0.1810137937969893,0.2371625174508836
ADANIENT,0.2078563369533322,0.287339438503745,0.30282653263723325,0.25304337543646926,0.3179781738621477,0.3622147730618325,0.33159468779313567,0.3461202034321722,0.3064844955494678,0.24110603961540225,0.27142037785412326,0.26933940283824204,0.24276524018627127,0.09551218343663191,0.18601576415461823,0.14470396516823616,0.22510346494321082,0.2721707088974581,0.3406536654790172,0.32222017833230654,0.2541351080209786,0.2893969484943312,0.3072730335253959,0.29180588829395887,0.4446646368499762,0.2376524768994186,0.2930505096107679,0.4303459601179992,0.3225054575830044,0.18675403651076627,0.14000132227185957,0.17500406181857822,0.1386858714092984,0.19025062700586595,0.14821966018246852,0.14634599815947383,0.1493950200906054,0.1741849355605681,1.0,0.24965147896078183,0.33839123910000807,0.31375058726691596,0.3049444746791134,0.21599441132737432,0.34159456602369437,0.3589697410645058,0.2690998158761927,0.7742709046871451,0.28577143730820903,0.24533874104716685
HINDALCO,0.2414524767893996,0.24844242936572938,0.23949188069860627,0.21698137290279074,0.35299574518149274,0.3791677174706522,0.3646695186666206,0.41517344856430183,0.2860807741668747,0.12866344858300838,0.27422516878043257,0.22699594856982622,0.272745359402714,0.09121155195307062,0.20612511920629717,0.15450660033320618,0.19171309377943407,0.2555490243049591,0.2988990501818322,0.2517447334727326,0.25604517465769644,0.267358590042143,0.2458507221582823,0.26035725553200195,0.3049339564561145,0.20044470992665023,0.27390710854186384,0.32548078251908763,0.278639167773566,0.21064857964820302,0.1488555668000878,0.18115657354600326,0.08925196473867746,0.25472562589124437,0.2572392253601899,0.24403124700568807,0.21524202167853465,0.25065324944475087,0.24965147896078183,1.0,0.6250394742309886,0.7015136284549149,0.43958268564058905,0.40378952581518107,0.36021571877005726,0.3532187274804544,0.28329849585354194,0.3115043943454127,0.2678059099666874,0.2637412024510514
JSWSTEEL,0.2936868583503353,0.34351962451806084,0.3540121757505048,0.2935314768792824,0.40480941790955427,0.38936835567416056,0.43329409177498857,0.5195767517879343,0.4375308869598468,0.2250359821175894,0.3419862433237342,0.23654411434652903,0.30153286040477595,0.16651768943752074,0.31529847619148804,0.21815563552953465,0.27691788417858193,0.3651632462447745,0.3734121143047792,0.3587050984804528,0.2641211840668693,0.3493664069019062,0.29192851195466846,0.3829778256730833,0.34566683521546404,0.3252876818823712,0.3202401108054077,0.4088744685336243,0.35846923647193785,0.2599670847352387,0.17503120603737063,0.22001648095753873,0.1717387705848857,0.2496545265193182,0.27040992204121445,0.25850768395595203,0.235661151138846,0.2782442701515875,0.33839123910000807,0.6250394742309886,1.0,0.7763765705503872,0.40281972015685974,0.3440108624947721,0.38161966553422744,0.4080567054647604,0.32017126289136394,0.40175324170382526,0.3402756896772827,0.32225232177389473
TATASTEEL,0.28890306686108225,0.3034121826318433,0.32193770405791117,0.2648420596724512,0.44808770082296745,0.4238143428617888,0.44648059310740257,0.46307066656942364,0.40312171966690585,0.18487127071591372,0.32237039427493874,0.25922663161508885,0.3058589967049991,0.10949376514531371,0.27286628887958064,0.16088418801961057,0.2349150275037205,0.3483759565125951,0.3812889094047989,0.3402070823493564,0.3002847223250199,0.31585893006051896,0.30381144096564777,0.3430954956860015,0.42825829534845666,0.26528607481417293,0.3256523266339451,0.412750594750734,0.3501454310619732,0.2255292317037865,0.17240500521360916,0.19979445224838976,0.13908844188958439,0.27022507476648233,0.26466128898211194,0.22406701050586111,0.22449317644547775,0.26815773303004864,0.31375058726691596,0.7015136284549149,0.7763765705503872,1.0,0.5034858594016615,0.4088662780800768,0.4065209246121929,0.4554981168288684,0.3350752780653128,0.3931003097705522,0.3421142900808663,0.27474766550836316
COALINDIA,0.17590653619696758,0.19348064315913016,0.20065422192277046,0.1631695905988177,0.2979152975514268,0.45496020761932593,0.3342327732366944,0.2857464070700221,0.20473622063070263,0.06772417817842527,0.21914938375137255,0.1937046654588439,0.2336606749056262,0.02966213273392967,0.22646327318001358,0.09417365165590366,0.16976505859226157,0.26052903856904236,0.24803971577834608,0.21248896432211578,0.28992905529137075,0.1794891409633331,0.195920324435524,0.20448519889555183,0.33853831863143297,0.1785844524144265,0.2379137445769449,0.35650054407848836,0.2763700874284355,0.18389043772746383,0.11471594141455851,0.16007534147868271,0.07795138705462601,0.20393919856976114,0.19104351122748012,0.11830627504456294,0.15902500763393615,0.1877168016015757,0.3049444746791134,0.43958268564058905,0.40281972015685974,0.5034858594016615,1.0,0.506225498266843,0.3740129422338731,0.516046456202392,0.3622215610501821,0.36830923756743883,0.2310417192529009,0.19918204876126316
ONGC,0.17792509933570144,0.13423614965441574,0.16061226448850094,0.09377201322679597,0.23444264195029466,0.35558060028270316,0.2487391370817058,0.19975694481228706,0.13726910191920497,-0.019320937329623186,0.12205485086091529,0.10183768121737834,0.1544132697143769,-0.023641759677606254,0.13988227896744596,0.056294155569653864,0.08572221389806049,0.18404345593774915,0.13787766933237794,0.12033538186660901,0.20470617475847344,0.11773186838405596,0.1273944914482457,0.15113573929070878,0.2831036576980087,0.12826654338228635,0.18986553788004137,0.30479581830890623,0.18308441842257983,0.11479332328434001,0.08093222510556003,0.11438623162306219,0.04452398729593715,0.11584673237287686,0.15484427346791388,0.12315716030566816,0.12279944954740643,0.17917231418306714,0.21599441132737432,0.40378952581518107,0.3440108624947721,0.4088662780800768,0.506225498266843,1.0,0.34666391595085166,0.47008241124338584,0.3309175598899203,0.2733866106438256,0.07034964171236144,0.22707059837941598
RELIANCE,0.2898642989224086,0.34198711019941275,0.3664248188619094,0.31466092218616587,0.38617720288350765,0.35754886575608025,0.43120862329975157,0.38338264552636825,0.35739299365707705,0.2759028515540354,0.3282820438044321,0.2697838711551961,0.2896342200416591,0.21428321071281242,0.31330586367920954,0.2469604580436493,0.2791695034217323,0.35429194839510425,0.4064124329623666,0.3753813946501111,0.23204312311240646,0.3686012946174669,0.29025372130103994,0.34586607337858427,0.45484567038878215,0.3354444013384862,0.3398155110383646,0.43290279076390653,0.3217153649348955,0.22485352918483412,0.13574655635880709,0.19634948366758737,0.1510651045881615,0.25894083953716673,0.26974363977919624,0.2603493288741301,0.26986635787092134,0.2780892849582899,0.34159456602369437,0.36021571877005726,0.38161966553422744,0.4065209246121929,0.3740129422338731,0.34666391595085166,1.0,0.3741456766068258,0.3027216832524999,0.41895914784570826,0.30640898914789577,0.3311081437365895
NTPC,0.25203700025648873,0.25080107936232776,0.2883114939046026,0.25140752538113154,0.3518338378886847,0.4509266419585517,0.4078913279427431,0.36463128609556017,0.32062098853257104,0.1613780917237824,0.26231613579695257,0.16856782913845236,0.20106043288827832,0.09873513583161249,0.22010764027951946,0.1358046956244456,0.22280149523930362,0.3124721754305653,0.3145299930646473,0.2839027232624338,0.25039535308290123,0.2538061832117265,0.22992394113660497,0.2955826181183774,0.37914600764084777,0.24796728802289844,0.2755505470554587,0.45147894297989244,0.3568235860642631,0.18590488510365172,0.1573737390661015,0.18075084029407162,0.14901645849766193,0.2233794421507485,0.14960158203620602,0.1088903371876162,0.10402806992466636,0.15830681868411148,0.3589697410645058,0.3532187274804544,0.4080567054647604,0.4554981168288684,0.516046456202392,0.47008241124338584,0.3741456766068258,1.0,0.5881400990215376,0.4332563631157504,0.2693947367756142,0.24895987236119788
POWERGRID,0.19872851280831008,0.19620271202903933,0.2446315103290815,0.18754397474293172,0.2861458463414155,0.37557953454059,0.32767974699513214,0.3082997144026547,0.2641183602177771,0.13510608664941695,0.2094303488225623,0.17756575762221055,0.19283773669126744,0.10762845076286487,0.16604425667559966,0.17779301018986013,0.17733334410306248,0.21451706052903532,0.229670832596717,0.18579490530454223,0.18202290021516582,0.2163716574461929,0.1515402204258771,0.22987671566279536,0.32879923710061043,0.2085468889714411,0.21388989021800356,0.3318654671502811,0.2626077402237949,0.19560259415582928,0.15432350501655406,0.1416361505428635,0.1153215651511389,0.1955946862700307,0.13380369589524782,0.09482634194830765,0.10707851515899403,0.13432070863558354,0.2690998158761927,0.28329849585354194,0.32017126289136394,0.3350752780653128,0.3622215610501821,0.3309175598899203,0.3027216832524999,0.5881400990215376,1.0,0.36453644953543196,0.24473744296990788,0.23698689086760183
ADANIPORTS,0.2438386560499568,0.3097248432759788,0.3546353922706975,0.2984518529959018,0.3615210950524602,0.46091654407932614,0.4309559844413352,0.40948176208670933,0.3850027947691864,0.27595413785399314,0.3377056242154232,0.2999775630827909,0.2786926668795243,0.14906743431029754,0.2610712412430959,0.17162186310720323,0.2564319596498324,0.34802685118407073,0.39056533431355656,0.3806652535008334,0.2777555032543241,0.35720545127117503,0.32566877320595305,0.3632723480112859,0.46823375732397715,0.2821898092841541,0.3414573326447411,0.5007406423347396,0.3793601344846534,0.2147815811188977,0.1610099003711666,0.18944746484637223,0.15654321352545028,0.24025630518626384,0.19125941326822665,0.18685445719458516,0.18644302007413596,0.211143868124551,0.7742709046871451,0.3115043943454127,0.40175324170382526,0.3931003097705522,0.36830923756743883,0.2733866106438256,0.41895914784570826,0.4332563631157504,0.36453644953543196,1.0,0.35272420131560017,0.3015352972982841
INDIGO,0.2647201067314877,0.3128024696503349,0.382865910215521,0.37320512958143465,0.37791675709911404,0.32508619906804326,0.37841854045558376,0.39027190761079555,0.41669369211219665,0.3319243874368075,0.2962595079826077,0.29870464365200244,0.3104044283425825,0.24202890871601496,0.2534255703698519,0.20980652620548082,0.28318198501820524,0.34940374206232083,0.35767053345369737,0.3550166654668808,0.27884522591427474,0.33306542086683527,0.3090816916618933,0.363586356121722,0.41545960062372017,0.2990240053981872,0.2683751256116264,0.3897556176263951,0.4048543355889757,0.23110771988063872,0.11932209289829501,0.17390292210331987,0.186099138466426,0.19672432864841416,0.17799646398935653,0.1731959081253916,0.1746831683725125,0.1810137937969893,0.28577143730820903,0.2678059099666874,0.3402756896772827,0.3421142900808663,0.2310417192529009,0.07034964171236144,0.30640898914789577,0.2693947367756142,0.24473744296990788,0.35272420131560017,1.0,0.20992135740253606
BHARTIARTL,0.2760151255193733,0.3027641385837588,0.3059808865554259,0.2763639143012031,0.25305535174014465,0.23730469855290004,0.29157811467378614,0.31222074424068974,0.2796611532506708,0.20136901305644248,0.27838999941078196,0.1836127740346139,0.2176799130197699,0.16406161461739763,0.24346009634138643,0.17524572902340377,0.2577688674200384,0.23830963026048912,0.2521998450148298,0.2705209351675803,0.15953431725705755,0.28588708415326736,0.24437270006278963,0.3140002536367844,0.17140016534605,0.30141395585256764,0.2651418045456797,0.28594495759447514,0.2519992669284905,0.21019063429648896,0.18497495868131253,0.18793147872760088,0.15660334845981028,0.2389537426057102,0.2670777475969069,0.24300269238839436,0.19994758110875038,0.2371625174508836,0.24533874104716685,0.2637412024510514,0.32225232177389473,0.27474766550836316,0.19918204876126316,0.22707059837941598,0.3311081437365895,0.24895987236119788,0.23698689086760183,0.3015352972982841,0.20992135740253606,1.0
