Ticker,Symbol,Raw Rows,Clean Rows,Rows Dropped,First Date,Last Date,Coverage,Zero Volume Rows Dropped,Suspicious Moves,Status,Notes
ADANIENT,ADANIENT.NS,1240,1234,6,2021-10-01,2026-09-30,1.0,6,0,Full history,
ADANIPORTS,ADANIPORTS.NS,1240,1234,6,2021-10-01,2026-09-30,1.0,6,0,Full history,
APOLLOHOSP,APOLLOHOSP.NS,1240,1234,6,2021-10-01,2026-09-30,1.0,6,0,Full history,
ASIANPAINT,ASIANPAINT.NS,1240,1234,6,2021-10-01,2026-09-30,1.0,6,0,Full history,
AXISBANK,AXISBANK.NS,1240,1234,6,2021-10-01,2026-09-30,1.0,6,0,Full history,
BAJAJ-AUTO,BAJAJ-AUTO.NS,1240,1233,7,2021-10-01,2026-09-30,0.9991876523151909,7,0,Full history,
BAJAJFINSV,BAJAJFINSV.NS,1240,1234,6,2021-10-01,2026-09-30,1.0,6,0,Full history,
BAJFINANCE,BAJFINANCE.NS,1240,1234,6,2021-10-01,2026-09-30,1.0,6,0,Full history,
BEL,BEL.NS,1240,1234,6,2021-10-01,2026-09-30,1.0,6,0,Full history,
BHARTIARTL,BHARTIARTL.NS,1240,1234,6,2021-10-01,2026-09-30,1.0,6,0,Full history,
BSE,BSE.NS,1240,1234,6,2021-10-01,2026-09-30,1.0,6,0,Full history,
CIPLA,CIPLA.NS,1240,1234,6,2021-10-01,2026-09-30,1.0,6,0,Full history,
COALINDIA,COALINDIA.NS,1240,1234,6,2021-10-01,2026-09-30,1.0,6,0,Full history,
DRREDDY,DRREDDY.NS,1240,1234,6,2021-10-01,2026-09-30,1.0,6,0,Full history,
EICHERMOT,EICHERMOT.NS,1240,1234,6,2021-10-01,2026-09-30,1.0,6,0,Full history,
ETERNAL,ETERNAL.NS,1240,1231,9,2021-10-01,2026-09-30,0.9975629569455727,9,0,Full history,
GRASIM,GRASIM.NS,1240,1234,6,2021-10-01,2026-09-30,1.0,6,0,Full history,
HCLTECH,HCLTECH.NS,1240,1234,6,2021-10-01,2026-09-30,1.0,6,0,Full history,
HDFCBANK,HDFCBANK.NS,1240,1234,6,2021-10-01,2026-09-30,1.0,6,0,Full history,
HDFCLIFE,HDFCLIFE.NS,1240,1234,6,2021-10-01,2026-09-30,1.0,6,0,Full history,
HINDALCO,HINDALCO.NS,1240,1234,6,2021-10-01,2026-09-30,1.0,6,0,Full history,
HINDUNILVR,HINDUNILVR.NS,1240,1234,6,2021-10-01,2026-09-30,1.0,6,0,Full history,
ICICIBANK,ICICIBANK.NS,1240,1234,6,2021-10-01,2026-09-30,1.0,6,0,Full history,
INDIGO,INDIGO.NS,1239,1234,5,2021-10-01,2026-09-30,1.0,5,0,Full history,
INFY,INFY.NS,1240,1234,6,2021-10-01,2026-09-30,1.0,6,0,Full history,
ITC,ITC.NS,1240,1235,5,2021-10-01,2026-09-30,1.0,5,0,Full history,
JIOFIN,JIOFIN.NS,773,766,7,2023-08-21,2026-09-30,0.619821283509342,7,0,Partial history,"data starts 2023-08-21 (listing, demerger or symbol change)"
JSWSTEEL,JSWSTEEL.NS,1240,1231,9,2021-10-01,2026-09-30,0.9975629569455727,9,0,Full history,
KOTAKBANK,KOTAKBANK.NS,1240,1234,6,2021-10-01,2026-09-30,1.0,6,0,Full history,
LT,LT.NS,1240,1234,6,2021-10-01,2026-09-30,1.0,6,0,Full history,
M&M,M&M.NS,1240,1233,7,2021-10-01,2026-09-30,0.9991876523151909,7,0,Full history,
MARUTI,MARUTI.NS,1240,1234,6,2021-10-01,2026-09-30,1.0,6,0,Full history,
MAXHEALTH,MAXHEALTH.NS,1240,1234,6,2021-10-01,2026-09-30,1.0,6,0,Full history,
NESTLEIND,NESTLEIND.NS,1240,1234,6,2021-10-01,2026-09-30,1.0,6,0,Full history,
NTPC,NTPC.NS,1240,1234,6,2021-10-01,2026-09-30,1.0,6,0,Full history,
ONGC,ONGC.NS,1240,1234,6,2021-10-01,2026-09-30,1.0,6,0,Full history,
POWERGRID,POWERGRID.NS,1240,1234,6,2021-10-01,2026-09-30,1.0,6,0,Full history,
RELIANCE,RELIANCE.NS,1240,1234,6,2021-10-01,2026-09-30,1.0,6,0,Full history,
SBILIFE,SBILIFE.NS,1240,1234,6,2021-10-01,2026-09-30,1.0,6,0,Full history,
SBIN,SBIN.NS,1240,1234,6,2021-10-01,2026-09-30,1.0,6,0,Full history,
SHRIRAMFIN,SHRIRAMFIN.NS,1240,1233,7,2021-10-01,2026-09-30,0.9991876523151909,7,0,Full history,
SUNPHARMA,SUNPHARMA.NS,1240,1234,6,2021-10-01,2026-09-30,1.0,6,0,Full history,
TATACONSUM,TATACONSUM.NS,1240,1234,6,2021-10-01,2026-09-30,1.0,6,0,Full history,
TATASTEEL,TATASTEEL.NS,1240,1234,6,2021-10-01,2026-09-30,1.0,6,0,Full history,
TCS,TCS.NS,1240,1234,6,2021-10-01,2026-09-30,1.0,6,0,Full history,
TECHM,TECHM.NS,1240,1234,6,2021-10-01,2026-09-30,1.0,6,0,Full history,
TITAN,TITAN.NS,1240,1234,6,2021-10-01,2026-09-30,1.0,6,0,Full history,
TMPV,TMPV.NS,1240,1234,6,2021-10-01,2026-09-30,1.0,6,0,Full history,adjusted for Tata Motors demerger: CV business spun off 1:1 (price discovery ₹400 vs ₹660.75 close)
TRENT,TRENT.NS,1240,1234,6,2021-10-01,2026-09-30,1.0,6,0,Full history,
ULTRACEMCO,ULTRACEMCO.NS,1240,1234,6,2021-10-01,2026-09-30,1.0,6,0,Full history,
NIFTYBEES,NIFTYBEES.NS,1239,1231,8,2021-10-01,2026-09-30,1.0,8,0,Benchmark,
