Sector,Stocks,Median CAGR,Median Volatility,Median Sharpe,Median Max Drawdown,Median Beta,Share Beating Benchmark
Capital Goods,1,0.4489669675591783,0.3140583793451052,1.1543021064809051,-0.268964175869543,1.2070907811852878,1.0
Automobile,5,0.2265909189062274,0.2624456988925046,0.6869051356668362,-0.30625253266452757,1.1161200266308804,1.0
Telecommunication,1,0.22444040246631825,0.21472242386467266,0.7791741271273516,-0.18768199925037043,0.8280714645352528,1.0
Services,2,0.20792510200983672,0.3428620373840929,0.5563867822920749,-0.44136184057618305,1.4770977402301215,1.0
Power,2,0.20698352203212755,0.24947951287036907,0.6456823889758716,-0.30930669733695093,0.8557475429515311,1.0
Consumer Services,2,0.1980749501932254,0.418917605000332,0.5103223046892711,-0.736603310595151,1.3918422065947635,1.0
Construction,1,0.1888717754352549,0.24475985010887874,0.59173422235655,-0.2887793452319004,1.2917485920399714,1.0
"Oil, Gas & Fuels",3,0.1621182509535779,0.282364682478467,0.45433487922545224,-0.3084013740699011,0.9043887780472097,0.6666666666666666
Metals & Mining,4,0.14946162338999347,0.3124391504992454,0.4222806222357998,-0.4363641723018484,1.3369882812936862,1.0
Healthcare,5,0.13473375782611674,0.2288855330051377,0.39419200697950285,-0.2832411192022014,0.5931467783179208,0.8
Construction Materials,2,0.11374808701310501,0.23375161086666374,0.326417603566346,-0.3499758197137012,1.1480153137713227,1.0
Financial Services,11,0.07370633056932907,0.2453711802844626,0.1707736906376676,-0.31043123016963503,1.1482979223847198,0.5454545454545454
Consumer Durables,2,0.06176799075004158,0.23168294862889893,0.08171155417103043,-0.3383467768810201,0.9033023998132527,0.5
FMCG,4,0.05893658803998092,0.20247207353673324,0.10765922038483025,-0.32479057362723335,0.6601367523282816,0.5
Information Technology,4,-0.019236995322474304,0.2558492799607568,-0.1776820957714651,-0.4736941815007748,0.9945737537552,0.0
