Ticker,Name,Sector,History,Start Date,End Date,Observations,Total Return,CAGR,Annualized Volatility,Sharpe Ratio,Sortino Ratio,Max Drawdown,Max Drawdown Peak,Max Drawdown Trough,Max Drawdown Recovery,Days to Recover,Current Drawdown,Calmar Ratio,VaR 95% (1-day),CVaR 95% (1-day),Best Day,Worst Day,Positive Days,Beta,Alpha (annual),Correlation with Benchmark,Tracking Error,Information Ratio,Benchmark CAGR (same dates),Excess CAGR,CAGR Rank,Sharpe Rank,Volatility Rank
ADANIENT,Adani Enterprises,Metals & Mining,Full history,2021-10-04,2026-09-30,1233,0.9948454485867997,0.151583204047818,0.4846139207598039,0.42065890023023406,0.5851400845120089,-0.7134660345773983,2022-12-20,2023-02-27,,,-0.30168717899453446,0.2124602948164226,0.03630249360410984,0.07013889227730744,0.20039378843110156,-0.2819697489203651,0.5214922952149229,1.8402833893452823,0.181660639260903,0.4801044188931104,0.43865683246171583,0.4402936237658505,0.0660059904575534,0.0855772135902646,22,24,2
ADANIPORTS,Adani Ports & SEZ,Services,Full history,2021-10-04,2026-09-30,1233,1.5136574371490608,0.20729772887609488,0.3679173649070942,0.5412449517614358,0.7576232341218262,-0.5233702267948926,2022-09-20,2023-02-02,2023-12-05,205.0,-0.04508278703539659,0.3960823873103777,0.028834461726122206,0.05291812120166244,0.15301871153564295,-0.21149656882255286,0.5150040551500406,1.6641908429562418,0.17758543887961004,0.5719956097295879,0.31352875916956724,0.5953438327080006,0.0660059904575534,0.14129173841854148,13,17,4
APOLLOHOSP,Apollo Hospitals,Healthcare,Full history,2021-10-04,2026-09-30,1233,0.8560444732963723,0.13473375782611718,0.2545032823230021,0.39419201579320956,0.5983134965581468,-0.38536269044307203,2021-11-17,2022-05-25,2023-12-28,395.0,-0.09962509648252282,0.34962844397626197,0.022859917575603437,0.03415563311711423,0.12499896823874712,-0.08024128905852135,0.49229521492295214,0.7748652442782067,0.09044099610747966,0.3851553169525513,0.23670584826031266,0.3690908010064076,0.0660059904575534,0.06872776736856379,26,26,22
ASIANPAINT,Asian Paints,Consumer Durables,Full history,2021-10-04,2026-09-30,1233,-0.20719662978510522,-0.04634456870172532,0.22181047212175112,-0.36537439291057555,-0.49506780044918025,-0.39041583000001145,2023-07-24,2025-03-04,,,-0.29963394833003065,-0.11870565981334302,0.023713844937765835,0.033912869003801756,0.055647320376466025,-0.08173102375067576,0.5068937550689375,0.7868895622151694,-0.09505935864739792,0.44865831044619214,0.20021005332666147,-0.48933690194290247,0.0660059904575534,-0.11235055915927872,45,45,41
AXISBANK,Axis Bank,Financial Services,Full history,2021-10-04,2026-09-30,1233,0.6039424494118331,0.10137799004932835,0.24341776206506371,0.2790422345995425,0.3988951796796971,-0.2802702445321503,2024-07-12,2025-01-27,2026-01-28,247.0,-0.12548431501571822,0.36171513754004336,0.023165244517298306,0.03542625473883438,0.09027077234543923,-0.07570062913228293,0.51338199513382,1.1482974637283072,0.053397849572276286,0.5966020362065528,0.1964012346518494,0.2821947539415347,0.0660059904575534,0.03537199959177495,29,29,29
BAJAJ-AUTO,Bajaj Auto,Automobile,Full history,2021-10-04,2026-09-30,1232,2.163654854597642,0.26564353842167376,0.24309331589161087,0.8515268975779294,1.2619016361535478,-0.4231352617441184,2024-09-27,2025-04-07,2026-09-01,346.0,-0.1202977105412183,0.6277981592144305,0.022500804285507485,0.03189135727471028,0.06720395183861072,-0.12890654124327017,0.5332792207792207,0.8478011106053133,0.19223584504986255,0.4410646972006134,0.2191522915233389,0.8690312858412759,0.0660059904575534,0.19963754796412037,7,4,30
BAJAJFINSV,Bajaj Finserv,Financial Services,Full history,2021-10-04,2026-09-30,1233,0.01057982395394852,0.0021532563872441735,0.2630452503900001,-0.08223224136086364,-0.11855584493198452,-0.42674711374604857,2021-10-19,2022-06-30,2024-09-20,548.0,-0.2040443869514572,0.005045743293592718,0.02565489040016114,0.03647171344335299,0.10032267044254328,-0.07079199977780937,0.49878345498783455,1.3417486250769337,-0.04048999345584089,0.6449389086758356,0.20582764231521747,-0.17403957913668744,0.0660059904575534,-0.06385273407030922,43,41,19
BAJFINANCE,Bajaj Finance,Financial Services,Full history,2021-10-04,2026-09-30,1233,0.30782868776329453,0.05638107837207107,0.2842382911544033,0.12985395056878296,0.18673605268168142,-0.3336233165103095,2021-10-13,2022-06-16,2023-09-26,317.0,-0.17207457370726986,0.16899621693656056,0.02731009436941756,0.04126589540941966,0.10634961769930062,-0.07727314633091797,0.5101378751013788,1.3943134608524563,0.01627588522729337,0.6201822889878628,0.22872820304974376,0.09470493251610422,0.0660059904575534,-0.009624912085482329,37,37,14
BEL,Bharat Electronics,Capital Goods,Full history,2021-10-04,2026-09-30,1233,5.138130333336974,0.44896693184384007,0.31405839809293495,1.1543019804559955,1.7213702652729903,-0.26896412964831795,2024-07-11,2025-02-18,2025-05-13,52.0,-0.16997095769164594,1.6692446402830126,0.028135247958573584,0.04093077372346439,0.10455285685590132,-0.19802292041897007,0.5150040551500406,1.207090988031828,0.3376742422491875,0.48621828300376035,0.2758202824090186,1.2345097687724194,0.0660059904575534,0.38296094138628667,2,2,11
BHARTIARTL,Bharti Airtel,Telecommunication,Full history,2021-10-04,2026-09-30,1233,1.693186362058666,0.22444042587892743,0.21472245093358375,0.7791741441790321,1.159146760633533,-0.1876819992503701,2025-11-21,2026-05-12,,,-0.1773651600953272,1.1958548330440637,0.019730417189822432,0.02908198431676553,0.05270517248585582,-0.06570345909252429,0.5174371451743714,0.8280714330067329,0.1533151070964194,0.4876130405509569,0.1889096100599511,0.7991482736716564,0.0660059904575534,0.15843443542137403,10,8,43
BSE,BSE Ltd,Financial Services,Full history,2021-10-04,2026-09-30,1233,22.964779915866785,0.9140647114348495,0.4945504483498644,1.4383667652079164,2.4814151825740614,-0.5869566954800209,2022-03-14,2023-03-28,2023-08-31,105.0,-0.29594935081944396,1.5572949733324284,0.040294604858068274,0.056888119884033216,0.1859690090161592,-0.13677642516674082,0.5085158150851582,1.4350083114582142,0.6945956586316216,0.36681453194527786,0.4639013049808774,1.510099870617876,0.0660059904575534,0.8480587209772961,1,1,1
CIPLA,Cipla,Healthcare,Full history,2021-10-04,2026-09-30,1233,0.422426239523787,0.07467254592769468,0.22888548975688633,0.17367567469837145,0.26366122696345357,-0.28324111920220085,2025-10-21,2026-04-02,,,-0.18332078415316277,0.2636359654912508,0.020480713711700963,0.029787199922365823,0.09634988332160721,-0.07931578780496984,0.49878345498783455,0.4461755206645088,0.037938736095282984,0.24716869128990213,0.2322132556894498,0.1308031329171364,0.0660059904575534,0.00866655547014128,32,32,37
COALINDIA,Coal India,"Oil, Gas & Fuels",Full history,2021-10-04,2026-09-30,1233,2.4178968119811906,0.2855513235514531,0.28236463674736634,0.824682475181564,1.2389506476972822,-0.3084012633600772,2024-08-23,2025-02-14,2026-04-29,292.0,-0.09451129396640412,0.9259084104919977,0.02505268022002813,0.03874133619461172,0.08994365667139914,-0.13750366460785868,0.5247364152473641,0.9043885674124172,0.21937674103779659,0.4048950751917999,0.2587758204508032,0.8427016639642102,0.0660059904575534,0.21954533309389967,6,6,15
DRREDDY,Dr. Reddy's Laboratories,Healthcare,Full history,2021-10-04,2026-09-30,1233,0.2859389448850487,0.05274310856547526,0.21664337669666045,0.076295043176535,0.1098613503798087,-0.26252790539020954,2021-10-04,2022-03-03,2023-06-26,325.0,-0.11596627123189107,0.200904770436043,0.020336242372146214,0.0299156733877586,0.09367297618069448,-0.06888822585218723,0.5109489051094891,0.572165628577729,0.010859309066750198,0.33396891767704356,0.21143819543359083,0.02372160646007952,0.0660059904575534,-0.013262881892078138,38,38,42
EICHERMOT,Eicher Motors,Automobile,Full history,2021-10-04,2026-09-30,1233,1.7164088760040177,0.226590895653904,0.2624456779038043,0.6869050979195979,1.0562274290296938,-0.25920345179117144,2022-10-31,2023-03-28,2023-11-15,155.0,-0.11784199978625676,0.8741816287093973,0.02431191725697723,0.03413483278780036,0.08654537895113323,-0.06803677216755677,0.49716139497161393,1.1161202436650237,0.16128348235276094,0.5379127442446322,0.22187017952020757,0.7340758125720703,0.0660059904575534,0.1605849051963506,9,10,20
ETERNAL,Eternal (Zomato),Consumer Services,Full history,2021-10-04,2026-09-30,1230,1.3188405797101406,0.18805347136763828,0.46051067474599106,0.47706291757267005,0.7122764205470198,-0.7401746679166883,2021-11-15,2022-07-26,2024-02-20,386.0,-0.0969380711495772,0.25406634341720674,0.04165042185191182,0.061308412821075436,0.19978402057069355,-0.19621647824333677,0.5048780487804878,1.5197456123505957,0.2084920381785266,0.4156597366474454,0.4242652104798704,0.49616406203762325,0.0660059904575534,0.12204748091008488,15,20,3
GRASIM,Grasim Industries,Construction Materials,Full history,2021-10-04,2026-09-30,1233,0.8742163891877248,0.1369955820842359,0.2367919660432889,0.41463958021626235,0.5946088260841679,-0.33024968215134687,2022-01-17,2022-06-16,2023-09-13,309.0,-0.09424644214058531,0.4148242662697054,0.023102547389590496,0.0329641085942924,0.061727940182488616,-0.0751287882415258,0.5198702351987023,1.1825303222861385,0.08349023683836741,0.6313859400452564,0.1852685286891197,0.46410127954257446,0.0660059904575534,0.0709895916266825,25,25,32
HCLTECH,HCL Technologies,Information Technology,Full history,2021-10-04,2026-09-30,1233,0.18787537550813482,0.035813673244682764,0.251259880819723,0.03421878529338956,0.047515642648206693,-0.4476447592300087,2025-01-10,2026-07-01,,,-0.33636325196864925,0.08000467447957096,0.023849995956982842,0.03695078540117191,0.07709980798465632,-0.10817372507859635,0.5020275750202757,0.9476780350167343,-0.0008232011404830013,0.4769146380347053,0.22115459284031183,-0.006953735028805115,0.0660059904575534,-0.030192317212870634,40,40,23
HDFCBANK,HDFC Bank,Financial Services,Full history,2021-10-04,2026-09-30,1233,-0.042999866233260575,-0.008942613794252985,0.21030044952245056,-0.2146092393987585,-0.2961182518179607,-0.3104312301696356,2025-07-30,2026-09-09,,,-0.28875358323274425,-0.02880706876484779,0.02046125534962999,0.03122369739520512,0.10013291381822986,-0.08435809341365952,0.5060827250608273,1.1447797044842876,-0.059284910550061264,0.6884955200441901,0.15371906550865752,-0.3728061305589191,0.0660059904575534,-0.07494860425180638,44,44,44
HDFCLIFE,HDFC Life Insurance,Financial Services,Full history,2021-10-04,2026-09-30,1233,-0.2741096233460302,-0.06337685849801833,0.25104468181570017,-0.3674712436328946,-0.5237778694528598,-0.3688988783050874,2021-10-05,2023-03-16,2024-08-23,351.0,-0.3576597724601178,-0.17180008459013066,0.023029535446258673,0.03453672250519185,0.07943460748322995,-0.10909545098195883,0.4793187347931874,0.986047257335591,-0.1069733418367136,0.4967741632010006,0.21803670558305147,-0.4914948502966574,0.0660059904575534,-0.12938284895557173,47,46,24
HINDALCO,Hindalco Industries,Metals & Mining,Full history,2021-10-04,2026-09-30,1233,1.0114381394936585,0.15353443228554098,0.32320380524832404,0.42390234135126176,0.5943197309075874,-0.4987327995833104,2022-03-29,2022-06-22,2024-04-24,452.0,-0.17655636437687372,0.3078490775297283,0.03376635168433989,0.048014979779030895,0.09579222815349131,-0.12421679806473673,0.5393349553933495,1.2767674658330133,0.11143315995013409,0.5001811985488052,0.28194069364233765,0.4086442379581667,0.0660059904575534,0.08752844182798758,21,23,9
HINDUNILVR,Hindustan Unilever,FMCG,Full history,2021-10-04,2026-09-30,1233,-0.2421247092288169,-0.05508609393784569,0.20547409011239043,-0.456563525890116,-0.6347190009488498,-0.359487339846139,2024-09-23,2026-09-29,,,-0.3542293741142639,-0.1532351430273528,0.01942186146109215,0.029869079145031136,0.059595176233285585,-0.07400411275645591,0.4793187347931874,0.6219010264514909,-0.09774427640436002,0.3836491892352647,0.19541588737684298,-0.5266133322096845,0.0660059904575534,-0.12109208439539909,46,48,45
ICICIBANK,ICICI Bank,Financial Services,Full history,2021-10-04,2026-09-30,1233,0.9845986639100408,0.15037176823419585,0.20219438212257623,0.5055412597381622,0.7472214460341148,-0.22329815013623333,2021-10-25,2022-03-07,2022-08-08,106.0,-0.09772476327221413,0.6734125121164444,0.018587703211552266,0.027156568301173325,0.10852111629121208,-0.07633626236988356,0.5166261151662611,1.0276802773526648,0.08694801954576895,0.6426668621017293,0.15509984454280315,0.5630314848098614,0.0660059904575534,0.08436577777664245,23,19,46
INDIGO,InterGlobe Aviation,Services,Full history,2021-10-04,2026-09-30,1233,1.5264656546347686,0.20855247514357877,0.3178067000011955,0.5715286158645582,0.837772416954949,-0.35935342376736246,2025-08-20,2026-03-30,,,-0.1903176021444244,0.5803547742976037,0.031618222433865084,0.04503021069288064,0.10363681566828564,-0.1024075790624861,0.51338199513382,1.2900048206846049,0.16257101474287697,0.5131474639751522,0.2755454464329715,0.6043725335577841,0.0660059904575534,0.14254648468602538,12,16,10
INFY,Infosys,Information Technology,Full history,2021-10-04,2026-09-30,1233,-0.314555533709021,-0.07428759115899364,0.26043875817064865,-0.3895826473162531,-0.5353646542023581,-0.4817164827922418,2024-12-13,2026-07-01,,,-0.47708754878104676,-0.15421434352503344,0.026095743181084628,0.03800559137105529,0.07934008248304081,-0.09422670288909563,0.49229521492295214,1.0414692835448514,-0.1172957050200352,0.5055576561605774,0.22501812726347992,-0.5187550465856043,0.0660059904575534,-0.14029358161654704,48,47,21
ITC,ITC,FMCG,Full history,2021-10-04,2026-09-30,1234,0.4178769620305294,0.07390707783241712,0.19947015651543634,0.16526572998831834,0.2346461304755343,-0.4492932138518376,2024-09-26,2026-08-31,,,-0.43366650465585255,0.16449631455326028,0.018430180976455976,0.027447785853611198,0.054977966243601184,-0.09714640105888173,0.5016207455429498,0.6983730071042559,0.021765949291653677,0.44242620805824634,0.18319042034080163,0.09632665740963432,0.0660059904575534,0.007901087374863724,33,34,48
JIOFIN,Jio Financial Services,Financial Services,Partial history,2023-08-22,2026-09-30,765,-0.12524343074706956,-0.04312113075793156,0.3278156540376554,-0.14971131327978274,-0.22264613663618224,-0.48209821322101776,2024-04-23,2025-03-03,,,-0.43877586315549466,-0.08944470146410331,0.03136103607086953,0.04344667766615056,0.1390858190431763,-0.09299431545900505,0.4823529411764706,1.5585007176308483,-0.06882149852123541,0.5656052746304641,0.2787217940044609,-0.22913109575766435,0.06520584723785783,-0.10832697799578939,,,
JSWSTEEL,JSW Steel,Metals & Mining,Full history,2021-10-04,2026-09-30,1230,0.9559355770211706,0.14734004273217094,0.2735353944751396,0.4271248563707092,0.6008093775789605,-0.31177964412687564,2022-04-18,2022-05-25,2022-12-01,128.0,-0.06532436658160856,0.4725774934562834,0.025673528976122493,0.03980952540123725,0.06566483220925501,-0.13238799673316815,0.5130081300813009,1.2845593052418065,0.10348200094463345,0.5939403506546735,0.22324831630025144,0.47613537894211266,0.0660059904575534,0.08133405227461754,24,22,17
KOTAKBANK,Kotak Mahindra Bank,Financial Services,Full history,2021-10-04,2026-09-30,1233,0.05153340618410662,0.0103228849942687,0.22781887176572369,-0.09660209188745753,-0.1345483409533305,-0.29943905236889756,2021-10-26,2024-05-03,2025-04-21,237.0,-0.07836409183837978,0.034474077153942156,0.0216554948117692,0.03308176648620434,0.09206183266898993,-0.10872043448669566,0.5020275750202757,1.0219843400554816,-0.033416321398928535,0.567489988776564,0.1876943789141341,-0.17643599339229307,0.0660059904575534,-0.0556831054632847,41,42,38
LT,Larsen & Toubro,Construction,Full history,2021-10-04,2026-09-30,1233,1.33144336716945,0.18887175704365267,0.2447598706810921,0.5917341293786114,0.8523728533467597,-0.28877934523189985,2022-01-17,2022-06-20,2022-11-24,107.0,-0.14064297771636625,0.6540348545079707,0.02197787910770854,0.034247587788565584,0.07590041500699285,-0.12674643454445889,0.5150040551500406,1.2917486021352436,0.1260220510225636,0.6672818852073448,0.1861839366869528,0.6982715905982546,0.0660059904575534,0.12286576658609927,14,12,28
M&M,Mahindra & Mahindra,Automobile,Full history,2021-10-04,2026-09-30,1232,2.7324977388536644,0.30918164756395683,0.28041471319595673,0.8932017133665073,1.345894559963124,-0.280901838557711,2021-11-16,2022-03-07,2022-05-30,56.0,-0.21602686291428497,1.1006750584170197,0.02737918199128864,0.03635196989332182,0.06768437518769921,-0.06614253362028122,0.5267857142857143,1.2993719063970564,0.2260216169363162,0.5867597185902816,0.23019182184363315,0.9993515217619009,0.0660059904575534,0.24317565710640343,5,3,16
MARUTI,Maruti Suzuki,Automobile,Full history,2021-10-04,2026-09-30,1233,0.7496395909276659,0.12112420208393959,0.23348658720669538,0.3564117764067159,0.5326456443383407,-0.30625253266452745,2026-01-06,2026-09-29,,,-0.30099554251043203,0.3955043278503118,0.020813010329377872,0.03156457292881238,0.08750771650123457,-0.06599001603789267,0.5020275750202757,0.9592475037397983,0.07026061070926223,0.5194320429004505,0.1997936996938937,0.3488797958081344,0.0660059904575534,0.05511821162638619,27,27,34
MAXHEALTH,Max Healthcare,Healthcare,Full history,2021-10-04,2026-09-30,1233,1.6085664740102041,0.21647738525770044,0.3414001178404949,0.573044542149342,0.8745522904311712,-0.283442987974759,2025-07-03,2026-09-30,,,-0.283442987974759,0.7637422495594708,0.03142462605350524,0.04321636316528563,0.10258827628561162,-0.0713430305698538,0.5044606650446066,0.6733558565372904,0.18829952591800822,0.24960802024350454,0.3331985466010603,0.5517370887555604,0.0660059904575534,0.15047139480014704,11,15,7
NESTLEIND,Nestle India,FMCG,Full history,2021-10-04,2026-09-30,1233,0.4165782310684716,0.07376805686498944,0.19203506408451537,0.16294238899509622,0.23819500405446076,-0.21977869389359717,2024-09-26,2024-12-26,2026-04-21,323.0,-0.14935064935064934,0.33564698906029183,0.01900857651363416,0.026071946726679566,0.07268339306319915,-0.053170275234709075,0.5028386050283861,0.5765693367109876,0.018590724202659867,0.3797376955645896,0.1856773131592739,0.06897567316112166,0.0660059904575534,0.007762066407436041,34,35,49
NTPC,NTPC,Power,Full history,2021-10-04,2026-09-30,1233,1.7217613838738761,0.22708447754392136,0.2482100689817551,0.7146778677750112,1.045938077945434,-0.3230230042498998,2024-09-30,2025-01-13,,,-0.23389876721837977,0.7029978501724364,0.02169310774604231,0.03161136940550442,0.09136474403140138,-0.1545431630886005,0.5166261151662611,0.9411753540072472,0.16442658863313944,0.4794590992641933,0.21815641372911562,0.7500266366622932,0.0660059904575534,0.16107848708636796,8,9,26
ONGC,ONGC,"Oil, Gas & Fuels",Full history,2021-10-04,2026-09-30,1233,1.0857415992791912,0.16211825095357812,0.3059025623611508,0.45433493307291534,0.658595912947289,-0.3530355838270697,2022-03-07,2022-07-06,2023-07-21,258.0,-0.2634612911292208,0.4592122108376187,0.02649053751973388,0.04191517266158895,0.13131600393598153,-0.16825065928843186,0.5150040551500406,0.7668871599011594,0.12174007515710436,0.3170885769064725,0.2918024652234442,0.4062887540910465,0.0660059904575534,0.09611226049602473,20,21,12
POWERGRID,Power Grid Corporation,Power,Full history,2021-10-04,2026-09-30,1233,1.3124186665454785,0.18688255067743142,0.250749075747736,0.5766866432723698,0.8410941435238104,-0.29559043946326435,2024-09-26,2025-02-28,,,-0.24106349181793452,0.632234760423153,0.023027390217538517,0.033717038248076404,0.08919366334423717,-0.12350074460640648,0.5093268450932684,0.7703206059528899,0.13022362607343094,0.38863370093820715,0.23297009795718934,0.5455056611516191,0.0660059904575534,0.12087656021987803,17,14,25
RELIANCE,Reliance Industries,"Oil, Gas & Fuels",Full history,2021-10-04,2026-09-30,1233,0.038468903241490215,0.007744636916113601,0.223592903699671,-0.11449211767378979,-0.16340156947818693,-0.2717575121316007,2024-07-08,2025-03-04,2026-01-02,205.0,-0.25109077733524476,0.02849833609149027,0.021426491601039307,0.030537585564497323,0.0701919247384617,-0.07485139657931561,0.5085158150851582,1.1935293162077594,-0.04603575497876783,0.6750627171667162,0.1668974038753611,-0.25999445036301055,0.0660059904575534,-0.0582613535414398,42,43,40
SBILIFE,SBI Life Insurance,Financial Services,Full history,2021-10-04,2026-09-30,1233,0.41617983573755013,0.07370633056932818,0.23037312418328845,0.170773702101297,0.2484943043878271,-0.28084413646375017,2024-09-03,2024-12-24,2025-10-28,208.0,-0.19474872136477683,0.2624456807160074,0.021962098426560796,0.030420957466369265,0.08640735401238153,-0.09032035303260966,0.5036496350364964,0.9360572457480215,0.0259508548383866,0.5137492800030053,0.19801056462313224,0.1266471860939892,0.0660059904575534,0.007700340111774784,35,33,36
SBIN,State Bank of India,Financial Services,Full history,2021-10-04,2026-09-30,1233,1.322426145222984,0.1879305403945566,0.24537124286217327,0.5879077587402255,0.8343039718612324,-0.23944134526280159,2024-06-03,2025-02-28,2025-10-17,155.0,-0.20443471484807485,0.7848708843006678,0.022247165500145827,0.03451696062883513,0.09068470706739773,-0.14404019893146525,0.5360908353609084,1.2349949592410474,0.12863963100109876,0.6363353568619392,0.19180849989995935,0.6874009935185621,0.0660059904575534,0.12192454993700319,16,13,27
SHRIRAMFIN,Shriram Finance,Financial Services,Full history,2021-10-04,2026-09-30,1232,3.146536091354017,0.3376569523592958,0.35221171085396397,0.8362113947691202,1.274192803565727,-0.38353338169315243,2021-11-08,2022-03-07,2023-06-21,320.0,-0.13873793846886007,0.8803847812898846,0.03095649705934088,0.046380537523758106,0.11201232393029814,-0.09901754237750515,0.5202922077922078,1.553318887205433,0.26709201150497835,0.5580219639223924,0.3005799900178286,0.9101861051448107,0.0660059904575534,0.2716509619017424,3,5,5
SUNPHARMA,Sun Pharmaceutical,Healthcare,Full history,2021-10-04,2026-09-30,1233,1.3089365944101958,0.18651705956750475,0.20017919239191512,0.6632460328905604,0.9947130378144357,-0.19128606870086506,2024-09-27,2025-03-04,2026-07-09,329.0,-0.09219929151514605,0.9750687064366504,0.02034559697310014,0.026772282503678354,0.06979763313412812,-0.04552700421016087,0.5231143552311436,0.593146719710808,0.12309379839355722,0.3746086802720466,0.19281235095310748,0.6095912245631937,0.0660059904575534,0.12051106910995135,18,11,47
TATACONSUM,Tata Consumer Products,FMCG,Full history,2021-10-04,2026-09-30,1233,0.23513048275152282,0.044105131240970596,0.23423626543868736,0.052376109693038526,0.07530089290243873,-0.29009382393637306,2024-03-07,2024-12-20,2026-05-11,339.0,-0.24662914100482436,0.1520374706448224,0.022693646831966428,0.03227642740468681,0.08059860703482369,-0.06970045566730032,0.49797242497972427,0.8377850663623296,-0.0004995771780581101,0.4522479932145885,0.2101205368174271,-0.012922202117002396,0.0660059904575534,-0.021900859216582802,39,39,33
TATASTEEL,Tata Steel,Metals & Mining,Full history,2021-10-04,2026-09-30,1233,0.6466947044431322,0.10731526824175508,0.3016744448969666,0.29617818774936294,0.4170185079287948,-0.3739955557765351,2021-10-18,2022-06-22,2023-09-04,298.0,-0.14936563104129486,0.28694262962278805,0.028020849526124245,0.04500060141479256,0.07720877154077277,-0.12613203140133256,0.5093268450932684,1.3894167550539143,0.0680667037822699,0.5822546077549383,0.2504424557741561,0.2930238996212042,0.0660059904575534,0.04130927778420168,28,28,13
TCS,Tata Consultancy Services,Information Technology,Full history,2021-10-04,2026-09-30,1233,-0.3671806568009449,-0.08927839080143873,0.22650657766762505,-0.5567390579068209,-0.7671113147673991,-0.5339342417380918,2024-08-30,2026-07-01,,,-0.5153058580577079,-0.16720858829135,0.021098371222044138,0.03327404540743911,0.06632756870831868,-0.08386122221554515,0.48094079480940793,0.8767940072789515,-0.13846775419984628,0.4893594615400486,0.19837637027869662,-0.7064883080051361,0.0660059904575534,-0.15528438125899213,49,49,39
TECHM,Tech Mahindra,Information Technology,Full history,2021-10-04,2026-09-30,1233,0.3230480295820968,0.05888201030072171,0.273204457908233,0.13265052745780737,0.18967664135727103,-0.4656718709208365,2021-12-28,2022-06-17,2024-08-26,538.0,-0.11580837659233056,0.12644528041662959,0.026980427556593328,0.038010588903811496,0.07430892309883275,-0.06627799661256617,0.49959448499594483,1.0494127424839053,0.023252028029012977,0.4856146290741229,0.23917595208563872,0.10003907567561042,0.0660059904575534,-0.0071239801568316885,36,36,18
TITAN,Titan Company,Consumer Durables,Full history,2021-10-04,2026-09-30,1233,1.1547982758725555,0.16988049137608718,0.24155551975743286,0.5287973790499201,0.7898022535571614,-0.28627768390131225,2022-03-22,2022-06-29,2022-09-13,51.0,-0.1126286801274301,0.5934115752964162,0.02196215344356875,0.033124029723318724,0.10602281143876602,-0.07180440403395061,0.5109489051094891,1.0197160164670722,0.11514131821643056,0.5339355186106937,0.20439317306383942,0.564650038783162,0.0660059904575534,0.10387450091853379,19,18,31
TMPV,Tata Motors Passenger Vehicles,Automobile,Full history,2021-10-04,2026-09-30,1233,0.4422237140565277,0.077712747209014,0.32960727565581677,0.21337980547446203,0.31882637035572725,-0.5937793913383043,2024-07-30,2026-09-29,,,-0.5900924094969355,0.1308781482527698,0.03028795780202126,0.04557434164007071,0.2044671181222859,-0.10283018198830385,0.49229521492295214,1.501128921428143,0.045061534212068176,0.5760067655782768,0.2769881217929044,0.18739538914257695,0.0660059904575534,0.0117067567514606,31,31,8
TRENT,Trent,Consumer Services,Full history,2021-10-04,2026-09-30,1233,2.7827061979872694,0.3124750147134854,0.34623375964845715,0.7900042781210135,1.1864205811896353,-0.5995479299104203,2024-10-11,2026-03-30,,,-0.5214925799330933,0.5211843776362849,0.030654074029939055,0.046876383979764055,0.18863260416135752,-0.14774802730465608,0.5085158150851582,1.2630061122187572,0.25458408007228195,0.46114882684663877,0.3093794913994354,0.8344974543954314,0.0660059904575534,0.24646902425593198,4,7,6
ULTRACEMCO,UltraTech Cement,Construction Materials,Full history,2021-10-04,2026-09-30,1233,0.5279113161471225,0.09050057457856275,0.23071126045265125,0.2381955760371563,0.34452513019249986,-0.3697019572760556,2021-11-08,2022-06-17,2023-06-12,243.0,-0.14345468689291307,0.24479333365007366,0.022125151735417535,0.03176360140411981,0.0679977730183563,-0.06542060540115602,0.5239253852392538,1.1135001360856638,0.04174135896471891,0.6106035498928526,0.18334767686540776,0.23611764513076222,0.0660059904575534,0.024494584121009355,30,30,35
