Ticker,Latest Close,SMA20,SMA50,SMA200,Close vs SMA200,Trend,Bullish Crossovers,Bearish Crossovers,Latest Crossover Date,Latest Crossover Type
ADANIENT,2903.39990234375,2966.2449951171875,2997.0680029296873,2577.291000366211,0.12653165743845052,Mixed,12,13,2026-08-13,Bearish
ADANIPORTS,1798.300048828125,1760.8450134277343,1722.1980004882812,1631.7540026855468,0.10206565810071622,Bullish,13,12,2026-09-23,Bullish
APOLLOHOSP,8165.5,8794.025,8816.86,8041.1525,0.015463890281896653,Mixed,16,17,2026-09-01,Bearish
ASIANPAINT,2402.60009765625,2456.3150268554687,2595.1780078125,2562.6359997558593,-0.06244972056696929,Mixed,12,13,2026-08-31,Bearish
AXISBANK,1226.0,1239.054998779297,1241.3040087890624,1285.2160021972657,-0.04607474704331971,Bearish,15,15,2026-09-29,Bearish
BAJAJ-AUTO,10874.0,11489.25,11602.99,10227.3325,0.06322934157073701,Mixed,14,14,2026-09-29,Bearish
BAJAJFINSV,1731.0,1860.7950012207032,1945.2640014648437,1884.0569982910156,-0.08123798718926767,Mixed,16,16,2026-09-17,Bearish
BAJFINANCE,959.4000244140624,1020.8250030517578,1059.9780078125,976.5880014038086,-0.017600028840246917,Mixed,15,15,2026-09-14,Bearish
BEL,388.2999877929688,397.2574981689453,401.27,418.3890005493165,-0.07191635706685129,Bearish,13,13,2026-09-22,Bearish
BHARTIARTL,1757.0,1823.9499938964843,1887.3019970703126,1908.5545013427734,-0.0794080028818388,Bearish,11,12,2026-09-03,Bearish
BSE,3092.0,3271.3400024414063,3369.120009765625,3324.204505615234,-0.06985265353650627,Mixed,9,10,2026-07-02,Bearish
CIPLA,1346.0,1378.3899963378906,1415.6339990234376,1379.5915014648438,-0.024348875322279473,Mixed,10,10,2026-08-31,Bearish
COALINDIA,425.0,422.37749938964845,415.42299987792967,433.92274948120115,-0.020562990744018905,Mixed,12,11,2026-09-22,Bullish
DRREDDY,1233.0,1179.65,1175.4380029296874,1247.7560021972656,-0.011826031829364592,Mixed,16,15,2026-09-29,Bullish
EICHERMOT,7150.0,7492.2,7770.31,7414.26,-0.035642127467879536,Mixed,16,16,2026-09-17,Bearish
ETERNAL,320.0,326.54750061035156,320.1020001220703,276.2538005065918,0.15835510466529978,Mixed,10,10,2026-06-18,Bullish
GRASIM,3061.89990234375,3215.8199829101563,3231.015986328125,2979.962000732422,0.027496290755113284,Mixed,16,16,2026-09-29,Bearish
HCLTECH,1230.0,1252.4900024414062,1298.572001953125,1347.603497314453,-0.08726861984910028,Bearish,11,11,2026-09-16,Bearish
HDFCBANK,708.7000122070312,717.0999969482422,725.0859997558593,813.2587506103515,-0.12856761556497098,Bearish,17,17,2026-08-05,Bearish
HDFCLIFE,521.2000122070312,535.782504272461,541.3390002441406,619.8097491455078,-0.15909678264084015,Bearish,16,16,2026-06-08,Bearish
HINDALCO,941.7999877929688,985.4100036621094,1005.0460046386719,981.8810034179687,-0.04082064474765912,Mixed,12,12,2026-09-22,Bearish
HINDUNILVR,1879.0999755859373,1936.8550048828124,2012.662001953125,2185.521501464844,-0.14020522135038604,Bearish,15,15,2026-06-04,Bearish
ICICIBANK,1321.699951171875,1360.4900024414062,1402.6860034179688,1353.4960028076173,-0.02349179574212734,Mixed,15,15,2026-09-07,Bearish
INDIGO,4984.0,4932.925,5109.87,4826.041004638671,0.03273055392805446,Mixed,12,12,2026-09-01,Bearish
INFY,994.0999755859376,1046.975,1102.267998046875,1258.3265005493165,-0.2099824845523257,Bearish,12,13,2026-09-11,Bearish
ITC,262.75,263.87749938964845,271.6089990234375,302.34925079345703,-0.13097188330891008,Bearish,9,9,2026-06-02,Bearish
JIOFIN,216.8800048828125,228.85699844360357,239.84999938964845,248.8184499359131,-0.12836043734428382,Bearish,8,8,2026-09-07,Bearish
JSWSTEEL,1253.4000244140625,1277.8450012207031,1285.9020043945313,1238.1190032958984,0.01234212630408349,Mixed,16,16,2026-09-25,Bearish
KOTAKBANK,417.0,414.179997253418,404.7709991455078,399.39204971313484,0.044086882299014585,Bullish,17,16,2026-08-21,Bullish
LT,3760.0,3885.699987792969,3957.7019921875,3970.382497558594,-0.05298796720163845,Bearish,17,18,2026-09-22,Bearish
M&M,2950.0,3070.0550048828127,3247.6480029296877,3274.8480029296875,-0.09919483366528081,Bearish,14,14,2026-09-14,Bearish
MARUTI,11967.0,12313.9,13176.92,13940.005,-0.14153545855973504,Bearish,17,18,2026-08-31,Bearish
MAXHEALTH,929.7999877929688,1020.6249938964844,1035.1219995117187,1033.3039978027343,-0.10016801466931446,Mixed,16,17,2026-08-14,Bearish
NESTLEIND,1310.0,1375.5849975585938,1441.0619970703126,1364.8169995117187,-0.040164358687890145,Mixed,15,16,2026-09-07,Bearish
NIFTYBEES,258.5,266.3759994506836,272.49699951171874,276.14204650878906,-0.06388757790359734,Bearish,12,12,2026-09-08,Bearish
NTPC,322.75,328.6499984741211,335.6289996337891,358.50124908447265,-0.09972419670997767,Bearish,11,11,2026-06-04,Bearish
ONGC,225.8000030517578,234.1970001220703,236.88219970703125,257.01044967651364,-0.12143648892112702,Bearish,10,10,2026-06-03,Bearish
POWERGRID,260.5,266.06250152587893,270.5829998779297,284.4687501525879,-0.08425793743506504,Bearish,13,14,2026-05-28,Bearish
RELIANCE,1187.0,1249.5050048828125,1281.8560034179689,1361.834501953125,-0.12838160709130197,Bearish,15,15,2026-09-11,Bearish
SBILIFE,1696.4000244140625,1722.5649963378905,1781.1380004882812,1880.4394989013672,-0.09787045772800895,Bearish,15,15,2026-08-28,Bearish
SBIN,959.5,991.2050048828125,1025.0259985351563,1042.3109982299804,-0.07944941420613183,Bearish,11,11,2026-09-10,Bearish
SHRIRAMFIN,982.7000122070312,1009.1199920654296,1059.5919958496095,1008.1512496948242,-0.025245455476544,Mixed,15,16,2026-09-16,Bearish
SUNPHARMA,1816.5999755859373,1859.8450073242188,1907.072001953125,1808.9310028076172,0.004239505413095923,Mixed,14,14,2026-08-31,Bearish
TATACONSUM,949.5,993.1249938964844,1041.0119946289062,1114.084995727539,-0.14773109444855137,Bearish,11,11,2026-06-16,Bearish
TATASTEEL,184.3000030517578,185.8769989013672,186.1770004272461,194.5004005432129,-0.052444095040250716,Bearish,11,11,2026-06-11,Bearish
TCS,2050.60009765625,2167.2050231933595,2278.9520092773437,2504.818499755859,-0.18133785028491334,Bearish,15,15,2026-09-14,Bearish
TECHM,1524.0,1550.025,1590.4540014648437,1517.3710021972656,0.004368738952527096,Mixed,12,13,2026-09-15,Bearish
TITAN,4587.0,4897.975,4958.004013671875,4412.913511962891,0.039449331505179375,Mixed,16,16,2026-09-25,Bearish
TMPV,283.5,299.9700012207031,317.7259991455078,345.06100021362306,-0.17840613739458067,Bearish,12,13,2026-07-06,Bearish
TRENT,2621.60009765625,2762.859997558594,2882.2919970703124,2855.863000488281,-0.08202876076057497,Mixed,10,10,2026-07-30,Bearish
ULTRACEMCO,10956.0,11009.85,11462.58,11708.71,-0.06428633043264365,Bearish,17,17,2026-09-01,Bearish
